frame_id,timestamp,global_id,track_id,x1,y1,x2,y2,confidence
1,0.0,1,1,581,174,744,553,0.8991
1,0.0,2,2,1046,161,1135,425,0.8936
1,0.0,3,3,153,191,260,479,0.8629
1,0.0,4,4,454,169,593,554,0.8411
1,0.0,5,5,0,172,60,482,0.838
1,0.0,6,6,59,214,107,344,0.6679
1,0.0,7,7,117,212,163,344,0.6038
2,0.0333,1,1,583,173,745,554,0.9008
2,0.0333,2,2,1048,163,1140,425,0.8991
2,0.0333,3,3,157,192,260,481,0.8745
2,0.0333,4,4,454,167,594,554,0.854
2,0.0333,5,5,0,169,62,484,0.8389
2,0.0333,6,6,61,212,113,344,0.6512
2,0.0333,7,7,117,211,164,345,0.6916
3,0.0667,1,1,583,173,745,554,0.901
3,0.0667,2,2,1049,163,1140,425,0.8992
3,0.0667,3,3,158,192,260,481,0.8746
3,0.0667,4,4,454,166,594,554,0.8543
3,0.0667,5,5,0,169,63,484,0.8389
3,0.0667,6,6,62,212,114,344,0.6512
3,0.0667,7,7,117,211,164,345,0.692
4,0.1,1,1,585,171,742,554,0.9013
4,0.1,2,2,1050,164,1142,424,0.9138
4,0.1,3,3,160,193,261,481,0.8805
4,0.1,4,4,454,165,590,555,0.8271
4,0.1,5,5,0,171,63,485,0.8545
4,0.1,6,6,63,212,115,343,0.6875
4,0.1,7,7,119,210,165,346,0.6922
5,0.1333,1,1,587,171,741,556,0.9012
5,0.1333,2,2,1052,162,1144,422,0.9153
5,0.1333,3,3,162,193,262,482,0.8777
5,0.1333,4,4,456,165,593,556,0.8293
5,0.1333,5,5,0,171,64,485,0.8461
5,0.1333,6,6,63,212,116,341,0.7039
5,0.1333,7,7,120,210,166,346,0.6931
6,0.1667,1,1,589,170,739,555,0.9041
6,0.1667,2,2,1054,161,1145,415,0.9087
6,0.1667,3,3,163,193,265,481,0.8939
6,0.1667,4,4,456,166,597,556,0.847
6,0.1667,5,5,0,175,66,487,0.8407
6,0.1667,6,6,63,212,116,340,0.702
6,0.1667,7,7,120,210,166,346,0.6804
6,0.1667,8,8,439,240,464,302,0.6976
7,0.2,1,1,591,169,737,555,0.9142
7,0.2,2,2,1055,159,1148,413,0.9005
7,0.2,3,3,165,192,268,482,0.9116
7,0.2,4,4,456,167,599,556,0.8577
7,0.2,5,5,0,172,70,488,0.8355
7,0.2,6,6,63,211,116,341,0.6192
7,0.2,7,7,120,210,168,346,0.7096
7,0.2,8,8,438,240,464,303,0.6951
8,0.2333,1,1,594,169,733,554,0.9241
8,0.2333,2,2,1056,157,1150,412,0.897
8,0.2333,3,3,167,191,273,483,0.9091
8,0.2333,4,4,457,170,601,558,0.8598
8,0.2333,5,5,0,169,74,488,0.8618
8,0.2333,6,6,65,211,117,341,0.6283
8,0.2333,7,7,121,210,168,345,0.7369
8,0.2333,8,8,438,239,464,305,0.7011
9,0.2667,1,1,594,169,731,554,0.9239
9,0.2667,2,2,1056,157,1151,412,0.8958
9,0.2667,3,3,168,191,274,483,0.909
9,0.2667,4,4,457,172,601,558,0.8587
9,0.2667,5,5,0,169,75,488,0.8614
9,0.2667,6,6,65,211,117,340,0.6335
9,0.2667,7,7,120,210,168,345,0.7366
9,0.2667,8,8,438,239,464,305,0.7013
10,0.3,1,1,596,170,726,555,0.9227
10,0.3,2,2,1057,155,1153,412,0.8712
10,0.3,3,3,171,189,276,481,0.8987
10,0.3,4,4,458,172,601,559,0.848
10,0.3,5,5,0,167,79,488,0.8663
10,0.3,6,6,68,211,116,342,0.5592
10,0.3,7,7,121,210,168,345,0.744
10,0.3,8,8,438,238,464,306,0.6765
11,0.3333,1,1,598,171,723,555,0.9081
11,0.3333,2,2,1059,153,1156,416,0.8595
11,0.3333,3,3,175,188,282,480,0.8883
11,0.3333,4,4,459,172,603,563,0.8478
11,0.3333,5,5,0,168,83,487,0.8738
11,0.3333,6,6,72,209,117,342,0.615
11,0.3333,7,7,121,209,169,345,0.7454
11,0.3333,8,8,438,238,464,306,0.6338
12,0.3667,1,1,602,173,728,556,0.9054
12,0.3667,2,2,1060,152,1160,424,0.8742
12,0.3667,3,3,177,187,286,479,0.8799
12,0.3667,4,4,461,173,602,565,0.8677
12,0.3667,5,5,0,167,87,486,0.8709
12,0.3667,6,6,74,209,118,342,0.6004
12,0.3667,7,7,122,210,170,345,0.7378
12,0.3667,8,8,438,237,464,306,0.6207
13,0.4,1,1,604,175,734,556,0.9086
13,0.4,2,2,1062,152,1162,427,0.8871
13,0.4,3,3,179,187,288,479,0.8685
13,0.4,4,4,463,173,606,562,0.8753
13,0.4,5,5,0,165,90,485,0.8586
13,0.4,6,6,76,210,119,342,0.6755
13,0.4,7,7,123,210,172,345,0.7254
13,0.4,8,8,438,238,463,306,0.6476
14,0.4333,1,1,607,176,738,556,0.907
14,0.4333,2,2,1065,152,1163,426,0.8902
14,0.4333,3,3,182,187,293,480,0.8595
14,0.4333,4,4,465,173,611,562,0.8949
14,0.4333,5,5,0,163,93,484,0.8668
14,0.4333,6,6,78,210,120,344,0.6988
14,0.4333,7,7,124,209,173,345,0.7339
14,0.4333,8,8,438,238,463,306,0.6468
15,0.4667,1,1,607,177,738,556,0.9071
15,0.4667,2,2,1066,152,1163,426,0.8903
15,0.4667,3,3,182,187,294,481,0.8594
15,0.4667,4,4,465,173,612,562,0.8947
15,0.4667,5,5,0,163,93,484,0.8668
15,0.4667,6,6,78,210,120,344,0.6993
15,0.4667,7,7,124,209,173,345,0.7347
15,0.4667,8,8,437,239,463,306,0.6478
16,0.5,1,1,610,179,738,556,0.9028
16,0.5,2,2,1068,154,1165,428,0.9005
16,0.5,3,3,183,187,298,481,0.8548
16,0.5,4,4,469,173,616,561,0.8921
16,0.5,5,5,0,162,93,484,0.87
16,0.5,6,6,80,210,121,343,0.7404
16,0.5,7,7,124,209,174,345,0.7368
16,0.5,8,8,438,239,463,306,0.6375
17,0.5333,1,1,612,180,738,557,0.8803
17,0.5333,2,2,1071,155,1168,430,0.8916
17,0.5333,3,3,185,187,302,481,0.8667
17,0.5333,4,4,472,168,619,561,0.8925
17,0.5333,5,5,0,163,92,484,0.875
17,0.5333,6,6,82,210,122,342,0.7307
17,0.5333,7,7,126,209,175,346,0.7289
17,0.5333,8,8,437,239,463,306,0.6586
18,0.5667,1,1,615,179,739,558,0.8866
18,0.5667,2,2,1073,156,1170,432,0.8972
18,0.5667,3,3,187,188,305,479,0.8835
18,0.5667,4,4,475,163,623,561,0.8944
18,0.5667,5,5,0,162,92,484,0.878
18,0.5667,6,6,83,212,124,341,0.6796
18,0.5667,7,7,128,209,178,347,0.7399
18,0.5667,8,8,437,240,463,306,0.6904
19,0.6,1,1,618,178,740,561,0.8806
19,0.6,2,2,1077,157,1171,435,0.8954
19,0.6,3,3,188,189,308,480,0.8934
19,0.6,4,4,478,160,626,560,0.8811
19,0.6,5,5,0,162,91,485,0.891
19,0.6,6,6,84,213,125,341,0.6943
19,0.6,7,7,130,208,180,348,0.7336
19,0.6,8,8,437,240,463,305,0.7322
20,0.6333,1,1,622,177,742,561,0.8776
20,0.6333,2,2,1082,159,1175,435,0.8898
20,0.6333,3,3,189,190,309,481,0.9046
20,0.6333,4,4,481,157,628,560,0.8847
20,0.6333,5,5,0,163,91,486,0.8761
20,0.6333,6,6,85,213,127,340,0.7065
20,0.6333,7,7,132,208,182,351,0.7498
20,0.6333,8,8,437,240,463,305,0.7414
21,0.6667,1,1,623,176,742,561,0.8779
21,0.6667,2,2,1083,159,1176,435,0.8905
21,0.6667,3,3,190,190,309,481,0.9047
21,0.6667,4,4,482,155,629,560,0.8848
21,0.6667,5,5,0,163,91,486,0.8756
21,0.6667,6,6,85,214,128,340,0.7055
21,0.6667,7,7,132,208,182,352,0.7498
21,0.6667,8,8,437,240,463,305,0.7418
22,0.7,1,1,629,175,749,562,0.863
22,0.7,2,2,1087,159,1180,434,0.8776
22,0.7,3,3,191,191,309,484,0.9054
22,0.7,4,4,485,154,632,561,0.8826
22,0.7,5,5,0,166,91,487,0.8866
22,0.7,6,6,86,213,129,341,0.7391
22,0.7,7,7,133,207,186,350,0.6616
22,0.7,8,8,436,239,463,304,0.7131
23,0.7333,1,1,633,174,761,563,0.9049
23,0.7333,2,2,1093,158,1185,434,0.8716
23,0.7333,3,3,192,192,309,484,0.9056
23,0.7333,4,4,489,157,638,563,0.8739
23,0.7333,5,5,0,168,91,487,0.8746
23,0.7333,6,6,86,212,131,342,0.7457
23,0.7333,7,7,131,208,187,348,0.6291
23,0.7333,8,8,436,238,463,304,0.7201
24,0.7667,1,1,636,173,773,563,0.92
24,0.7667,2,2,1097,156,1189,433,0.8794
24,0.7667,3,3,193,191,309,485,0.9001
24,0.7667,4,4,491,161,642,563,0.8872
24,0.7667,5,5,0,168,93,487,0.8752
24,0.7667,6,6,86,210,135,341,0.6861
24,0.7667,7,7,132,209,189,349,0.6375
24,0.7667,8,8,435,237,464,304,0.7205
25,0.8,1,1,638,172,783,563,0.9284
25,0.8,2,2,1099,154,1194,433,0.8941
25,0.8,3,3,194,191,309,485,0.8881
25,0.8,4,4,496,164,644,564,0.8862
25,0.8,5,5,0,169,97,487,0.8744
25,0.8,6,6,87,210,138,341,0.6807
25,0.8,7,7,134,210,189,350,0.6197
25,0.8,8,8,435,236,463,304,0.7316
26,0.8333,1,1,640,172,794,562,0.9257
26,0.8333,2,2,1101,152,1198,433,0.9014
26,0.8333,3,3,195,190,309,485,0.8872
26,0.8333,4,4,502,167,644,565,0.8769
26,0.8333,5,5,0,168,100,486,0.8707
26,0.8333,6,6,87,209,140,341,0.6691
26,0.8333,7,7,134,211,190,350,0.6435
26,0.8333,8,8,435,236,463,304,0.7294
27,0.8667,1,1,640,173,797,562,0.9259
27,0.8667,2,2,1101,151,1199,433,0.9015
27,0.8667,3,3,195,190,309,486,0.8872
27,0.8667,4,4,503,168,644,565,0.8772
27,0.8667,5,5,0,168,100,486,0.8703
27,0.8667,6,6,87,209,141,341,0.6689
27,0.8667,7,7,134,210,190,350,0.6431
27,0.8667,8,8,434,235,463,304,0.7297
28,0.9,1,1,642,172,804,562,0.9179
28,0.9,2,2,1104,149,1204,434,0.8954
28,0.9,3,3,195,189,309,486,0.8882
28,0.9,4,4,508,172,644,566,0.8701
28,0.9,5,5,0,168,102,487,0.868
28,0.9,6,6,88,209,142,341,0.7095
28,0.9,7,7,135,211,191,350,0.6256
28,0.9,8,8,434,235,463,304,0.7097
29,0.9333,1,1,646,172,810,564,0.904
29,0.9333,2,2,1105,149,1208,435,0.9044
29,0.9333,3,3,196,188,309,485,0.8935
29,0.9333,4,4,512,172,647,567,0.8638
29,0.9333,5,5,0,165,104,486,0.8519
29,0.9333,6,6,90,209,142,343,0.7236
29,0.9333,7,7,139,210,194,351,0.6481
29,0.9333,8,8,434,235,463,305,0.7013
30,0.9667,1,1,648,172,814,565,0.897
30,0.9667,2,2,1106,150,1213,436,0.9024
30,0.9667,3,3,195,187,310,485,0.909
30,0.9667,4,4,517,172,649,567,0.8593
30,0.9667,5,5,0,163,107,486,0.8737
30,0.9667,6,6,91,209,142,342,0.7082
30,0.9667,7,7,142,208,194,352,0.6721
30,0.9667,8,8,435,235,463,305,0.6928
31,1.0,1,1,651,173,817,566,0.8964
31,1.0,2,2,1110,152,1217,436,0.9052
31,1.0,3,3,196,187,311,484,0.9147
31,1.0,4,4,522,171,649,567,0.8619
31,1.0,5,5,0,161,108,485,0.8797
31,1.0,6,6,91,211,142,344,0.7274
31,1.0,7,7,144,210,196,352,0.6675
31,1.0,8,8,435,236,463,305,0.6626
32,1.0333,1,1,654,175,819,566,0.8935
32,1.0333,2,2,1112,153,1222,434,0.9057
32,1.0333,3,3,196,186,312,485,0.8947
32,1.0333,4,4,526,171,650,567,0.8732
32,1.0333,5,5,0,160,109,486,0.8847
32,1.0333,6,6,90,208,142,343,0.6879
32,1.0333,7,7,147,210,198,352,0.6814
32,1.0333,8,8,436,237,462,304,0.6586
33,1.0667,1,1,654,175,819,566,0.8934
33,1.0667,2,2,1112,154,1223,433,0.9052
33,1.0667,3,3,196,186,312,485,0.8939
33,1.0667,4,4,527,170,649,567,0.8724
33,1.0667,5,5,0,159,109,486,0.8841
33,1.0667,6,6,90,207,142,342,0.6875
33,1.0667,7,7,148,210,198,352,0.6812
33,1.0667,8,8,436,238,462,303,0.6599
34,1.1,1,1,657,177,820,567,0.8895
34,1.1,2,2,1115,156,1227,433,0.908
34,1.1,3,3,196,186,312,484,0.8908
34,1.1,4,4,528,169,650,567,0.8752
34,1.1,5,5,0,159,109,486,0.8838
34,1.1,6,6,91,206,143,342,0.7034
34,1.1,7,7,149,212,199,352,0.6324
34,1.1,8,8,435,238,462,301,0.6
35,1.1333,1,1,660,178,822,567,0.8987
35,1.1333,2,2,1119,157,1230,432,0.898
35,1.1333,3,3,195,187,314,484,0.8619
35,1.1333,4,4,529,167,650,567,0.8738
35,1.1333,5,5,0,159,109,487,0.8854
35,1.1333,6,6,92,205,144,342,0.7192
35,1.1333,7,7,151,213,200,354,0.6677
35,1.1333,8,8,435,239,461,299,0.5781
36,1.1667,1,1,665,179,823,568,0.9091
36,1.1667,2,2,1122,159,1234,432,0.9063
36,1.1667,3,3,198,188,315,486,0.8541
36,1.1667,4,4,528,165,651,568,0.8748
36,1.1667,5,5,0,159,108,488,0.8952
36,1.1667,6,6,94,206,144,342,0.7098
36,1.1667,7,7,154,215,201,355,0.6805
36,1.1667,8,8,435,239,461,299,0.5907
37,1.2,1,1,669,177,824,568,0.9182
37,1.2,2,2,1125,159,1238,433,0.9068
37,1.2,3,3,203,190,317,486,0.8604
37,1.2,4,4,528,164,659,569,0.8771
37,1.2,5,5,0,160,106,489,0.8898
37,1.2,6,6,97,208,146,342,0.6939
37,1.2,7,7,155,216,203,355,0.6306
37,1.2,8,8,434,239,461,299,0.5996
38,1.2333,1,1,672,176,824,569,0.9218
38,1.2333,2,2,1128,157,1242,435,0.9101
38,1.2333,3,3,206,192,319,487,0.863
38,1.2333,4,4,527,165,672,570,0.8906
38,1.2333,5,5,0,161,106,493,0.8862
38,1.2333,6,6,99,210,147,343,0.639
38,1.2333,7,7,158,218,203,353,0.5483
38,1.2333,8,8,434,239,461,301,0.6248
39,1.2667,1,1,673,175,824,569,0.9217
39,1.2667,2,2,1128,156,1243,435,0.9104
39,1.2667,3,3,207,193,319,487,0.8628
39,1.2667,4,4,526,166,677,570,0.8904
39,1.2667,5,5,0,161,106,494,0.8863
39,1.2667,6,6,100,211,147,343,0.6393
39,1.2667,7,7,158,218,203,352,0.549
39,1.2667,8,8,433,239,461,301,0.6258
40,1.3,1,1,675,173,824,569,0.9079
40,1.3,2,2,1132,156,1246,435,0.8999
40,1.3,3,3,208,193,320,488,0.8593
40,1.3,4,4,526,166,679,572,0.9081
40,1.3,5,5,0,162,107,495,0.8836
40,1.3,6,6,101,210,147,343,0.6447
40,1.3,7,7,159,219,206,352,0.5491
40,1.3,8,8,433,239,461,301,0.6589
41,1.3333,1,1,678,171,825,570,0.8853
41,1.3333,2,2,1135,154,1248,435,0.8836
41,1.3333,3,3,210,193,322,487,0.8431
41,1.3333,4,4,526,168,682,573,0.909
41,1.3333,5,5,0,163,109,494,0.8943
41,1.3333,6,6,102,208,149,345,0.6701
41,1.3333,7,7,160,219,206,352,0.5518
41,1.3333,8,8,433,238,461,301,0.68
42,1.3667,1,1,681,170,825,570,0.8792
42,1.3667,2,2,1140,152,1251,435,0.8685
42,1.3667,3,3,214,193,324,488,0.8423
42,1.3667,4,4,527,169,684,575,0.8995
42,1.3667,5,5,0,165,111,494,0.8983
42,1.3667,6,6,104,207,150,346,0.6259
42,1.3667,7,7,161,218,206,351,0.5337
42,1.3667,8,8,434,238,461,300,0.6666
43,1.4,1,1,683,169,824,571,0.8755
43,1.4,2,2,1144,149,1254,437,0.8686
43,1.4,3,3,221,192,330,489,0.8658
43,1.4,4,4,530,171,687,576,0.8917
43,1.4,5,5,1,167,116,494,0.8683
43,1.4,6,6,106,211,151,345,0.7261
43,1.4,7,7,162,215,205,349,0.5498
43,1.4,8,8,434,238,461,301,0.6569
44,1.4333,1,1,685,170,822,571,0.8649
44,1.4333,2,2,1150,147,1257,440,0.8546
44,1.4333,3,3,224,190,333,488,0.8934
44,1.4333,4,4,533,172,689,576,0.8788
44,1.4333,5,5,5,166,118,493,0.8616
44,1.4333,6,6,108,214,153,346,0.7831
44,1.4333,7,7,163,215,206,348,0.5692
44,1.4333,8,8,433,239,461,301,0.6366
45,1.4667,1,1,686,170,821,571,0.8644
45,1.4667,2,2,1151,146,1258,441,0.8544
45,1.4667,3,3,224,190,334,487,0.8937
45,1.4667,4,4,534,173,689,576,0.8786
45,1.4667,5,5,6,166,119,493,0.8629
45,1.4667,6,6,109,215,153,346,0.7842
45,1.4667,7,7,164,214,206,347,0.5642
45,1.4667,8,8,433,239,460,302,0.6454
46,1.5,1,1,689,169,821,572,0.8767
46,1.5,2,2,1155,146,1260,443,0.8639
46,1.5,3,3,226,188,338,488,0.8986
46,1.5,4,4,537,171,686,576,0.8951
46,1.5,5,5,8,165,123,493,0.8598
46,1.5,6,6,112,216,154,346,0.6566
46,1.5,7,7,165,214,207,348,0.5148
46,1.5,8,8,433,240,461,302,0.5984
47,1.5333,1,1,692,171,827,573,0.8898
47,1.5333,2,2,1159,147,1262,449,0.8662
47,1.5333,3,3,229,187,344,487,0.8849
47,1.5333,4,4,540,171,683,577,0.8977
47,1.5333,5,5,11,165,127,494,0.8757
47,1.5333,6,6,114,216,157,346,0.6138
47,1.5333,7,7,167,215,210,350,0.534
47,1.5333,8,8,432,240,461,302,0.5944
48,1.5667,1,1,696,173,839,574,0.9024
48,1.5667,2,2,1163,148,1263,450,0.8749
48,1.5667,3,3,230,186,349,487,0.8802
48,1.5667,4,4,544,170,682,577,0.8933
48,1.5667,5,5,14,164,131,494,0.8728
48,1.5667,6,6,116,216,159,348,0.63
48,1.5667,7,7,168,216,210,352,0.5619
48,1.5667,8,8,432,242,460,301,0.5345
49,1.6,1,1,699,176,851,576,0.9055
49,1.6,2,2,1166,150,1266,450,0.8424
49,1.6,3,3,231,186,352,489,0.8616
49,1.6,4,4,548,169,682,577,0.8889
49,1.6,5,5,17,166,134,492,0.8604
49,1.6,6,6,116,213,161,349,0.6529
49,1.6,7,7,169,216,210,352,0.4338
49,1.6,8,8,432,244,460,300,0.5482
50,1.6333,1,1,705,178,860,576,0.8984
50,1.6333,2,2,1168,153,1271,452,0.8497
50,1.6333,3,3,234,186,354,490,0.8514
50,1.6333,4,4,552,166,682,576,0.8872
50,1.6333,5,5,20,165,137,492,0.8717
50,1.6333,6,6,117,214,163,349,0.7143
50,1.6333,7,7,170,215,213,353,0.3825
50,1.6333,8,8,432,245,460,299,0.5264
51,1.6667,1,1,707,179,862,577,0.8991
51,1.6667,2,2,1168,154,1273,452,0.8517
51,1.6667,3,3,235,186,354,490,0.8503
51,1.6667,4,4,553,165,682,576,0.8875
51,1.6667,5,5,20,165,137,492,0.8727
51,1.6667,6,6,117,214,163,349,0.7161
51,1.6667,7,7,170,215,214,354,0.4123
51,1.6667,8,8,431,245,460,299,0.535
52,1.7,1,1,714,179,864,577,0.8851
52,1.7,2,2,1176,155,1278,452,0.8301
52,1.7,3,3,240,186,356,491,0.8503
52,1.7,4,4,555,164,683,576,0.8958
52,1.7,5,5,21,163,139,496,0.8821
52,1.7,6,6,119,217,164,348,0.733
52,1.7,7,7,170,214,216,354,0.4399
52,1.7,8,8,431,245,460,298,0.4922
53,1.7333,1,1,718,180,864,578,0.8868
53,1.7333,2,2,1181,157,1279,452,0.7951
53,1.7333,3,3,242,186,359,491,0.8528
53,1.7333,4,4,557,162,684,577,0.8926
53,1.7333,5,5,23,163,140,498,0.8802
53,1.7333,6,6,122,217,166,347,0.7356
53,1.7333,7,7,171,217,217,354,0.6275
53,1.7333,8,8,431,244,460,299,0.4598
54,1.7667,1,1,725,180,863,580,0.8962
54,1.7667,2,2,1187,157,1279,452,0.8111
54,1.7667,3,3,243,187,361,492,0.8481
54,1.7667,4,4,560,162,689,579,0.8861
54,1.7667,5,5,25,163,139,499,0.8805
54,1.7667,6,6,125,216,169,347,0.7113
54,1.7667,7,7,173,219,219,355,0.559
54,1.7667,8,8,431,245,460,299,0.4924
55,1.8,1,1,733,178,864,581,0.8916
55,1.8,2,2,1192,157,1279,452,0.8188
55,1.8,3,3,244,189,363,493,0.8444
55,1.8,4,4,564,162,700,580,0.8901
55,1.8,5,5,28,163,139,499,0.8858
55,1.8,6,6,127,215,171,347,0.7049
55,1.8,7,7,176,218,221,356,0.5455
55,1.8,8,8,430,244,460,299,0.515
56,1.8333,1,1,739,177,864,582,0.8948
56,1.8333,2,2,1196,157,1279,450,0.8602
56,1.8333,3,3,246,191,364,494,0.83
56,1.8333,4,4,568,163,711,582,0.8969
56,1.8333,5,5,30,164,141,501,0.8972
56,1.8333,6,6,129,217,172,347,0.7166
56,1.8333,7,7,177,218,224,358,0.7186
56,1.8333,8,8,430,243,460,300,0.5538
57,1.8667,1,1,741,176,863,583,0.8949
57,1.8667,2,2,1197,157,1279,449,0.8599
57,1.8667,3,3,246,192,364,494,0.8294
57,1.8667,4,4,569,164,714,582,0.8968
57,1.8667,5,5,31,165,141,501,0.8971
57,1.8667,6,6,129,218,172,347,0.7168
57,1.8667,7,7,177,218,225,358,0.7179
57,1.8667,8,8,429,242,460,300,0.5533
58,1.9,1,1,743,176,864,583,0.8953
58,1.9,2,2,1202,156,1279,449,0.8513
58,1.9,3,3,246,193,364,495,0.8431
58,1.9,4,4,573,166,722,582,0.8978
58,1.9,5,5,32,166,143,502,0.8923
58,1.9,6,6,131,219,174,346,0.7222
58,1.9,7,7,178,216,226,358,0.6813
58,1.9,8,8,429,241,459,301,0.5516
59,1.9333,1,1,747,175,867,582,0.901
59,1.9333,2,2,1205,154,1279,449,0.8573
59,1.9333,3,3,246,194,364,495,0.8659
59,1.9333,4,4,578,168,729,583,0.9038
59,1.9333,5,5,33,167,146,500,0.8768
59,1.9333,6,6,133,219,176,346,0.6663
59,1.9333,7,7,180,217,228,356,0.684
59,1.9333,8,8,429,240,458,301,0.608
60,1.9667,1,1,750,176,876,582,0.898
60,1.9667,2,2,1207,151,1279,447,0.8561
60,1.9667,3,3,247,194,365,495,0.8786
60,1.9667,4,4,584,171,731,584,0.9005
60,1.9667,5,5,35,169,150,500,0.8816
60,1.9667,6,6,133,218,176,347,0.6176
60,1.9667,7,7,179,217,231,356,0.7183
60,1.9667,8,8,429,240,458,301,0.6227
61,2.0,1,1,755,174,893,582,0.9105
61,2.0,2,2,1209,149,1279,446,0.8699
61,2.0,3,3,247,194,367,495,0.8963
61,2.0,4,4,587,171,734,585,0.9059
61,2.0,5,5,37,170,153,500,0.8929
61,2.0,6,6,135,217,177,348,0.6371
61,2.0,7,7,182,216,232,354,0.643
61,2.0,8,8,430,241,458,300,0.6024
62,2.0333,1,1,759,173,909,581,0.9165
62,2.0333,2,2,1211,148,1279,450,0.8663
62,2.0333,3,3,247,192,367,494,0.8901
62,2.0333,4,4,590,172,736,585,0.9056
62,2.0333,5,5,38,169,156,501,0.9037
62,2.0333,6,6,136,216,178,339,0.588
62,2.0333,7,7,183,216,233,354,0.6187
62,2.0333,8,8,430,242,457,298,0.5925
63,2.0667,1,1,760,173,916,581,0.9167
63,2.0667,2,2,1212,148,1279,451,0.8662
63,2.0667,3,3,247,192,367,494,0.8901
63,2.0667,4,4,591,173,736,585,0.9057
63,2.0667,5,5,38,169,157,501,0.9037
63,2.0667,6,6,137,216,178,336,0.5887
63,2.0667,7,7,184,215,233,352,0.6144
63,2.0667,8,8,430,242,457,297,0.5916
64,2.1,1,1,762,172,928,582,0.909
64,2.1,2,2,1215,149,1279,447,0.8757
64,2.1,3,3,247,191,367,494,0.8727
64,2.1,4,4,593,173,739,586,0.9104
64,2.1,5,5,40,168,160,502,0.905
64,2.1,6,6,139,215,180,340,0.4646
64,2.1,7,7,185,217,234,353,0.654
64,2.1,8,8,430,243,457,297,0.583
65,2.1333,1,1,766,173,941,582,0.8983
65,2.1333,2,2,1217,152,1279,447,0.858
65,2.1333,3,3,247,190,366,494,0.8637
65,2.1333,4,4,600,171,743,586,0.9131
65,2.1333,5,5,41,166,164,502,0.892
65,2.1333,6,6,140,215,182,338,0.4366
65,2.1333,7,7,187,218,236,354,0.7446
65,2.1333,8,8,429,245,456,297,0.6261
66,2.1667,1,1,770,174,951,582,0.9
66,2.1667,2,2,1221,155,1279,446,0.8514
66,2.1667,3,3,247,188,366,495,0.8569
66,2.1667,4,4,606,169,748,586,0.8913
66,2.1667,5,5,42,165,165,502,0.8915
66,2.1667,6,6,143,215,182,335,0.4502
66,2.1667,7,7,188,219,236,354,0.748
66,2.1667,8,8,429,246,456,297,0.6074
67,2.2,1,1,776,173,962,583,0.9053
67,2.2,2,2,1225,157,1279,447,0.8393
67,2.2,3,3,247,188,365,495,0.8671
67,2.2,4,4,610,167,755,585,0.8923
67,2.2,5,5,43,165,169,502,0.8896
67,2.2,6,6,144,215,180,333,0.4008
67,2.2,7,7,188,219,237,355,0.7395
67,2.2,8,8,427,247,455,297,0.5484
68,2.2333,1,1,781,175,971,585,0.9056
68,2.2333,2,2,1230,158,1279,448,0.7867
68,2.2333,3,3,248,188,363,495,0.8692
68,2.2333,4,4,612,164,761,585,0.898
68,2.2333,5,5,45,165,170,502,0.8651
68,2.2333,6,6,146,217,181,336,0.4317
68,2.2333,7,7,190,220,237,355,0.734
68,2.2333,8,8,427,248,454,297,0.5613
69,2.2667,1,1,782,175,974,585,0.9057
69,2.2667,2,2,1232,159,1279,448,0.7854
69,2.2667,3,3,247,188,363,495,0.869
69,2.2667,4,4,613,163,763,585,0.898
69,2.2667,5,5,46,165,170,502,0.8642
69,2.2667,6,6,147,217,181,338,0.4313
69,2.2667,7,7,190,220,237,355,0.7343
69,2.2667,8,8,426,248,454,297,0.5598
70,2.3,1,1,785,178,977,587,0.9105
70,2.3,2,2,1234,155,1279,449,0.7352
70,2.3,3,3,247,188,362,495,0.8514
70,2.3,4,4,613,161,766,586,0.904
70,2.3,5,5,48,166,170,502,0.8666
70,2.3,6,6,148,218,184,343,0.5605
70,2.3,7,7,191,220,237,354,0.6334
70,2.3,8,8,426,248,453,297,0.5572
71,2.3333,1,1,792,179,981,588,0.9108
71,2.3333,2,2,1238,161,1279,415,0.4689
71,2.3333,3,3,248,190,362,497,0.857
71,2.3333,4,4,615,161,768,586,0.9092
71,2.3333,5,5,50,168,170,502,0.8701
71,2.3333,6,6,150,218,185,347,0.572
71,2.3333,7,7,192,221,237,354,0.6451
71,2.3333,8,8,425,246,453,300,0.5894
72,2.3667,1,1,798,177,984,589,0.9223
72,2.3667,2,2,1243,188,1279,402,0.4662
72,2.3667,3,3,248,191,362,499,0.8531
72,2.3667,4,4,617,161,771,587,0.9138
72,2.3667,5,5,52,167,170,502,0.8649
72,2.3667,6,6,151,218,186,350,0.6323
72,2.3667,7,7,194,220,237,356,0.6769
72,2.3667,8,8,423,244,453,300,0.5711
73,2.4,1,1,803,176,987,590,0.9231
73,2.4,2,2,1248,197,1279,397,0.4987
73,2.4,3,3,251,192,362,500,0.8502
73,2.4,4,4,619,162,773,588,0.9182
73,2.4,5,5,54,169,172,503,0.8564
73,2.4,6,6,152,217,187,351,0.5665
73,2.4,7,7,196,220,237,356,0.5984
73,2.4,8,8,421,243,452,300,0.5766
74,2.4333,1,1,808,174,987,590,0.9271
74,2.4333,2,2,1253,204,1279,393,0.2472
74,2.4333,3,3,253,192,363,501,0.859
74,2.4333,4,4,622,163,775,589,0.9256
74,2.4333,5,5,58,171,174,503,0.8645
74,2.4333,6,6,154,216,188,351,0.5031
74,2.4333,7,7,197,219,238,356,0.5817
74,2.4333,8,8,421,243,452,299,0.5742
75,2.4667,1,1,809,173,987,590,0.9266
75,2.4667,2,2,1254,206,1279,392,0.2576
75,2.4667,3,3,253,192,363,501,0.8584
75,2.4667,4,4,623,164,774,589,0.9257
75,2.4667,5,5,59,172,174,503,0.8639
75,2.4667,6,6,155,216,188,350,0.5015
75,2.4667,7,7,197,218,238,356,0.5773
75,2.4667,8,8,420,243,452,299,0.5749
76,2.5,1,1,812,172,988,589,0.9271
76,2.5,2,2,1258,207,1279,390,0.2196
76,2.5,3,3,254,193,364,501,0.8752
76,2.5,4,4,625,166,775,591,0.9241
76,2.5,5,5,61,171,177,503,0.8935
76,2.5,6,6,156,214,189,352,0.5445
76,2.5,7,7,196,219,239,356,0.6315
76,2.5,8,8,418,242,452,298,0.5776
77,2.5333,1,1,816,170,988,591,0.923
77,2.5333,2,2,1263,219,1279,387,0.1699
77,2.5333,3,3,255,193,366,502,0.9043
77,2.5333,4,4,627,168,776,593,0.9204
77,2.5333,5,5,64,174,179,504,0.867
77,2.5333,6,6,158,214,191,352,0.4801
77,2.5333,7,7,196,218,240,356,0.628
77,2.5333,8,8,416,243,452,299,0.571
78,2.5667,1,1,820,168,985,592,0.9249
78,2.5667,3,3,256,193,368,501,0.9079
78,2.5667,4,4,630,169,777,594,0.9194
78,2.5667,5,5,66,180,182,504,0.8497
78,2.5667,6,6,160,214,194,353,0.3643
78,2.5667,7,7,196,217,242,355,0.6147
78,2.5667,8,8,414,243,453,298,0.6036
79,2.6,1,1,825,169,979,591,0.9189
79,2.6,3,3,256,192,372,502,0.9068
79,2.6,4,4,633,169,779,594,0.9143
79,2.6,5,5,71,180,188,504,0.8433
79,2.6,6,6,163,214,194,356,0.1823
79,2.6,7,7,195,216,243,355,0.6166
79,2.6,8,8,412,244,453,298,0.6044
80,2.6333,1,1,829,169,973,592,0.9148
80,2.6333,3,3,256,192,375,502,0.893
80,2.6333,4,4,636,169,783,595,0.9118
80,2.6333,5,5,73,174,193,506,0.862
80,2.6333,7,7,195,215,245,355,0.4547
80,2.6333,8,8,409,245,453,299,0.6005
81,2.6667,1,1,830,169,971,592,0.9149
81,2.6667,3,3,256,192,376,502,0.8934
81,2.6667,4,4,638,168,784,595,0.9116
81,2.6667,5,5,73,172,195,507,0.8619
81,2.6667,7,7,195,215,245,355,0.4566
81,2.6667,8,8,407,245,453,300,0.6013
82,2.7,1,1,831,168,973,593,0.9044
82,2.7,3,3,258,191,378,502,0.891
82,2.7,4,4,644,168,789,596,0.9095
82,2.7,5,5,78,171,198,507,0.8946
82,2.7,7,7,195,215,246,355,0.4596
82,2.7,8,8,409,246,452,299,0.5707
83,2.7333,1,1,835,168,985,592,0.9054
83,2.7333,3,3,260,190,379,502,0.9027
83,2.7333,4,4,650,167,794,596,0.9036
83,2.7333,5,5,82,170,202,507,0.8765
83,2.7333,7,7,197,217,247,357,0.3987
83,2.7333,8,8,409,247,452,298,0.5775
84,2.7667,1,1,838,169,995,592,0.8931
84,2.7667,3,3,261,189,379,502,0.8972
84,2.7667,4,4,656,164,801,596,0.9197
84,2.7667,5,5,85,170,207,507,0.8607
84,2.7667,7,7,198,219,248,358,0.3969
84,2.7667,8,8,410,247,451,298,0.6125
85,2.8,1,1,843,170,1004,594,0.8772
85,2.8,3,3,262,188,378,502,0.8821
85,2.8,4,4,662,162,809,595,0.9067
85,2.8,5,5,86,170,210,506,0.8627
85,2.8,7,7,200,217,249,358,0.3578
85,2.8,8,8,409,246,449,300,0.6287
86,2.8333,1,1,848,173,1009,594,0.8818
86,2.8333,3,3,262,187,382,503,0.8932
86,2.8333,4,4,668,161,818,597,0.8992
86,2.8333,5,5,87,169,213,506,0.888
86,2.8333,7,7,202,222,249,357,0.4631
86,2.8333,8,8,411,246,448,300,0.6521
87,2.8667,1,1,849,174,1010,595,0.8816
87,2.8667,3,3,262,187,383,503,0.8932
87,2.8667,4,4,670,161,820,597,0.8992
87,2.8667,5,5,87,168,213,506,0.8879
87,2.8667,7,7,203,224,249,357,0.4638
87,2.8667,8,8,411,246,447,301,0.6538
88,2.9,1,1,855,176,1007,596,0.8854
88,2.9,3,3,264,187,386,503,0.8851
88,2.9,4,4,674,160,825,598,0.9028
88,2.9,5,5,89,166,213,507,0.8943
88,2.9,7,7,204,203,251,357,0.1492
88,2.9,8,8,414,246,447,301,0.5957
89,2.9333,1,1,861,177,1011,597,0.8984
89,2.9333,3,3,266,189,389,502,0.8838
89,2.9333,4,4,679,160,832,600,0.9007
89,2.9333,5,5,90,166,214,507,0.8802
89,2.9333,7,7,208,209,250,357,0.2264
89,2.9333,8,8,418,245,447,302,0.6316
90,2.9667,1,1,868,176,1012,597,0.8967
90,2.9667,3,3,268,190,390,503,0.8828
90,2.9667,4,4,686,161,843,599,0.8997
90,2.9667,5,5,93,167,215,506,0.8878
90,2.9667,7,7,208,213,251,357,0.3926
90,2.9667,8,8,417,245,447,304,0.6512
91,3.0,1,1,875,174,1012,598,0.8934
91,3.0,3,3,270,190,391,503,0.8798
91,3.0,4,4,691,163,854,599,0.8978
91,3.0,5,5,96,167,217,506,0.8713
91,3.0,7,7,207,218,252,357,0.4454
91,3.0,8,8,418,245,447,304,0.6393
92,3.0333,1,1,880,172,1013,599,0.8887
92,3.0333,3,3,271,191,390,504,0.886
92,3.0333,4,4,695,165,864,600,0.9127
92,3.0333,5,5,98,166,220,510,0.8558
92,3.0333,7,7,208,215,253,356,0.2843
92,3.0333,8,8,419,245,446,304,0.5945
93,3.0667,1,1,882,171,1013,599,0.8887
93,3.0667,3,3,271,191,390,504,0.8854
93,3.0667,4,4,696,166,867,600,0.9127
93,3.0667,5,5,99,166,220,511,0.856
93,3.0667,7,7,208,213,253,355,0.2842
93,3.0667,8,8,419,245,446,303,0.5912
94,3.1,1,1,885,171,1014,599,0.8917
94,3.1,3,3,271,191,390,505,0.8845
94,3.1,4,4,697,168,868,600,0.912
94,3.1,5,5,101,167,221,509,0.8509
94,3.1,7,7,207,214,253,356,0.1435
94,3.1,8,8,416,245,446,303,0.6218
95,3.1333,1,1,888,169,1019,599,0.8945
95,3.1333,3,3,272,191,390,505,0.8836
95,3.1333,4,4,698,171,869,601,0.9086
95,3.1333,5,5,105,169,222,509,0.8515
95,3.1333,7,7,209,216,255,356,0.2564
95,3.1333,8,8,413,246,446,303,0.6372
96,3.1667,1,1,892,168,1039,599,0.916
96,3.1667,3,3,272,191,390,504,0.8802
96,3.1667,4,4,698,171,869,601,0.9091
96,3.1667,5,5,107,168,224,508,0.8461
96,3.1667,8,8,408,246,444,303,0.6294
97,3.2,1,1,895,168,1057,600,0.9209
97,3.2,3,3,272,189,389,504,0.8827
97,3.2,4,4,702,170,870,601,0.9132
97,3.2,5,5,109,167,227,509,0.8534
97,3.2,8,8,407,246,444,302,0.6995
98,3.2333,1,1,899,169,1071,600,0.9017
98,3.2333,3,3,272,188,387,503,0.877
98,3.2333,4,4,709,170,872,601,0.9013
98,3.2333,5,5,112,168,229,510,0.8605
98,3.2333,8,8,405,246,443,301,0.6921
99,3.2667,1,1,900,169,1077,600,0.9022
99,3.2667,3,3,272,187,386,502,0.8762
99,3.2667,4,4,712,170,872,601,0.9009
99,3.2667,5,5,113,168,230,511,0.8607
99,3.2667,8,8,405,246,443,301,0.6958
100,3.3,1,1,904,170,1084,600,0.8961
100,3.3,3,3,272,186,384,502,0.8639
100,3.3,4,4,723,167,876,601,0.8916
100,3.3,5,5,113,167,232,512,0.8553
100,3.3,8,8,405,245,443,300,0.7265
101,3.3333,1,1,908,170,1099,601,0.9113
101,3.3333,3,3,272,185,385,502,0.8615
101,3.3333,4,4,737,164,884,600,0.873
101,3.3333,5,5,113,164,236,511,0.8642
101,3.3333,8,8,405,244,442,301,0.7314
102,3.3667,1,1,911,171,1107,602,0.9156
102,3.3667,3,3,273,184,387,501,0.8426
102,3.3667,4,4,746,162,893,600,0.8929
102,3.3667,5,5,113,167,239,511,0.8726
102,3.3667,8,8,405,244,442,301,0.737
103,3.4,1,1,913,170,1115,603,0.9249
103,3.4,3,3,273,184,388,501,0.8512
103,3.4,4,4,747,161,903,602,0.9076
103,3.4,5,5,113,165,242,510,0.8803
103,3.4,8,8,405,244,441,302,0.7037
104,3.4333,1,1,916,171,1120,604,0.9242
104,3.4333,3,3,274,184,390,501,0.8506
104,3.4333,4,4,748,159,911,603,0.9125
104,3.4333,5,5,113,165,244,510,0.9019
104,3.4333,8,8,406,243,441,303,0.6771
105,3.4667,1,1,917,172,1122,605,0.9242
105,3.4667,3,3,275,184,390,501,0.8508
105,3.4667,4,4,747,158,914,603,0.9127
105,3.4667,5,5,113,165,245,510,0.9019
105,3.4667,8,8,406,243,440,303,0.677
106,3.5,1,1,920,172,1125,605,0.928
106,3.5,3,3,276,185,393,502,0.8695
106,3.5,4,4,747,158,923,603,0.9316
106,3.5,5,5,114,164,246,511,0.8985
106,3.5,8,8,406,243,441,302,0.6903
107,3.5333,1,1,924,172,1127,606,0.9356
107,3.5333,3,3,277,186,396,503,0.8794
107,3.5333,4,4,746,160,933,605,0.9255
107,3.5333,5,5,114,163,246,511,0.9007
107,3.5333,8,8,405,243,443,302,0.7208
108,3.5667,1,1,927,171,1129,607,0.9297
108,3.5667,3,3,281,187,398,504,0.8842
108,3.5667,4,4,748,161,941,607,0.9199
108,3.5667,5,5,115,166,247,512,0.8803
108,3.5667,8,8,405,243,443,302,0.7074
109,3.6,1,1,929,170,1131,608,0.9183
109,3.6,3,3,285,189,401,506,0.8873
109,3.6,4,4,749,164,949,607,0.9102
109,3.6,5,5,116,168,247,511,0.862
109,3.6,8,8,404,242,443,302,0.7158
110,3.6333,1,1,933,168,1133,608,0.9078
110,3.6333,3,3,288,189,402,507,0.8743
110,3.6333,4,4,753,166,957,608,0.9028
110,3.6333,5,5,121,167,249,512,0.8821
110,3.6333,8,8,404,242,444,300,0.6864
111,3.6667,1,1,934,167,1133,608,0.9082
111,3.6667,3,3,288,189,402,507,0.8744
111,3.6667,4,4,754,167,960,609,0.903
111,3.6667,5,5,123,166,250,512,0.8818
111,3.6667,8,8,404,242,444,299,0.6837
112,3.7,1,1,938,167,1131,607,0.9177
112,3.7,3,3,290,191,403,507,0.8581
112,3.7,4,4,759,167,964,608,0.8997
112,3.7,5,5,125,169,253,512,0.8918
112,3.7,8,8,404,242,444,298,0.6826
113,3.7333,1,1,941,165,1127,608,0.9171
113,3.7333,3,3,292,189,404,508,0.8425
113,3.7333,4,4,768,166,967,609,0.8924
113,3.7333,5,5,130,172,255,513,0.8786
113,3.7333,8,8,405,242,444,297,0.6742
114,3.7667,1,1,946,165,1124,608,0.9153
114,3.7667,3,3,294,190,406,508,0.8556
114,3.7667,4,4,779,165,966,609,0.891
114,3.7667,5,5,137,176,256,513,0.8732
114,3.7667,8,8,406,242,444,296,0.6747
115,3.8,1,1,951,164,1117,609,0.9217
115,3.8,3,3,296,189,408,508,0.8649
115,3.8,4,4,791,164,966,609,0.9139
115,3.8,5,5,140,176,260,514,0.8896
115,3.8,8,8,407,242,444,298,0.6836
116,3.8333,1,1,956,163,1110,609,0.9256
116,3.8333,3,3,301,189,410,509,0.8587
116,3.8333,4,4,802,163,964,609,0.9029
116,3.8333,5,5,144,174,264,515,0.8919
116,3.8333,8,8,409,242,443,298,0.6773
117,3.8667,1,1,957,163,1107,610,0.9256
117,3.8667,3,3,303,188,410,509,0.8584
117,3.8667,4,4,805,162,962,609,0.9027
117,3.8667,5,5,145,173,265,515,0.8921
117,3.8667,8,8,409,242,443,299,0.6774
118,3.9,1,1,959,164,1110,610,0.9039
118,3.9,3,3,307,187,413,509,0.8455
118,3.9,4,4,809,161,961,610,0.892
118,3.9,5,5,148,171,269,515,0.8988
118,3.9,8,8,410,242,442,301,0.6326
119,3.9333,1,1,963,164,1120,611,0.893
119,3.9333,3,3,310,185,416,509,0.8611
119,3.9333,4,4,815,158,961,610,0.8896
119,3.9333,5,5,149,174,272,513,0.8974
119,3.9333,8,8,410,242,441,302,0.5241
120,3.9667,1,1,969,166,1136,610,0.872
120,3.9667,3,3,314,184,418,510,0.8455
120,3.9667,4,4,822,157,962,610,0.8828
120,3.9667,5,5,151,174,275,511,0.8939
120,3.9667,8,8,412,241,440,302,0.5624
121,4.0,1,1,974,168,1149,610,0.8928
121,4.0,3,3,319,183,424,510,0.8748
121,4.0,4,4,828,157,965,610,0.8823
121,4.0,5,5,152,174,278,512,0.894
121,4.0,8,8,413,240,440,302,0.3759
122,4.0333,1,1,980,170,1160,611,0.8891
122,4.0333,3,3,322,184,431,511,0.888
122,4.0333,4,4,835,158,978,611,0.8707
122,4.0333,5,5,154,173,279,515,0.8952
122,4.0333,8,8,416,240,440,302,0.1441
123,4.0667,1,1,982,170,1163,612,0.8895
123,4.0667,3,3,323,184,434,511,0.8879
123,4.0667,4,4,837,158,983,611,0.8708
123,4.0667,5,5,155,172,280,516,0.8952
123,4.0667,8,8,417,240,440,302,0.1446
124,4.1,1,1,988,173,1165,613,0.9075
124,4.1,3,3,325,185,439,511,0.8965
124,4.1,4,4,841,160,996,611,0.8742
124,4.1,5,5,157,171,279,516,0.8915
125,4.1333,1,1,994,174,1164,614,0.9037
125,4.1333,3,3,328,186,440,511,0.8899
125,4.1333,4,4,845,160,1007,613,0.8836
125,4.1333,5,5,161,171,280,514,0.8889
126,4.1667,1,1,1002,173,1163,615,0.8753
126,4.1667,3,3,330,188,440,510,0.8782
126,4.1667,4,4,849,162,1013,614,0.8882
126,4.1667,5,5,164,170,281,516,0.8898
127,4.2,1,1,1008,171,1163,617,0.8712
127,4.2,3,3,333,190,441,509,0.8682
127,4.2,4,4,851,164,1019,615,0.8751
127,4.2,5,5,165,167,284,516,0.8754
128,4.2333,1,1,1017,169,1164,617,0.8633
128,4.2333,3,3,336,189,443,510,0.8589
128,4.2333,4,4,854,164,1024,616,0.8824
128,4.2333,5,5,166,167,286,516,0.8749
129,4.2667,1,1,1020,168,1163,617,0.8635
129,4.2667,3,3,337,189,443,510,0.8587
129,4.2667,4,4,855,164,1026,617,0.8827
129,4.2667,5,5,166,166,286,516,0.8746
129,4.2667,9,9,110,214,149,334,0.6329
130,4.3,1,1,1026,169,1164,616,0.8729
130,4.3,3,3,339,191,446,510,0.8714
130,4.3,4,4,856,165,1028,618,0.8893
130,4.3,5,5,167,167,288,518,0.8794
130,4.3,9,9,109,215,150,334,0.6437
131,4.3333,1,1,1033,168,1172,615,0.894
131,4.3333,3,3,341,191,449,511,0.8867
131,4.3333,4,4,859,164,1032,617,0.9076
131,4.3333,5,5,167,168,291,518,0.8818
131,4.3333,9,9,107,215,151,334,0.6922
132,4.3667,1,1,1038,166,1190,617,0.8988
132,4.3667,3,3,342,191,452,512,0.8958
132,4.3667,4,4,867,164,1034,618,0.8909
132,4.3667,5,5,168,167,293,518,0.8851
132,4.3667,9,9,103,215,151,335,0.7299
133,4.4,1,1,1043,165,1209,617,0.912
133,4.4,3,3,343,190,454,512,0.903
133,4.4,4,4,881,162,1042,618,0.882
133,4.4,5,5,169,166,295,519,0.8792
133,4.4,9,9,101,215,152,335,0.7406
134,4.4333,1,1,1049,163,1229,617,0.9184
134,4.4333,3,3,343,187,459,512,0.9193
134,4.4333,4,4,897,159,1055,619,0.8984
134,4.4333,5,5,170,164,297,519,0.8875
134,4.4333,9,9,99,215,152,335,0.7359
135,4.4667,1,1,1051,163,1236,617,0.9183
135,4.4667,3,3,343,186,461,512,0.9192
135,4.4667,4,4,903,159,1058,619,0.8983
135,4.4667,5,5,170,163,297,519,0.8879
135,4.4667,9,9,99,214,152,335,0.7357
136,4.5,1,1,1054,163,1250,617,0.926
136,4.5,3,3,344,184,464,513,0.9178
136,4.5,4,4,908,157,1068,620,0.9066
136,4.5,5,5,171,164,298,519,0.891
136,4.5,9,9,98,214,153,335,0.7564
137,4.5333,1,1,1060,163,1264,617,0.9065
137,4.5333,3,3,345,183,469,513,0.903
137,4.5333,4,4,910,155,1082,620,0.8972
137,4.5333,5,5,172,166,300,520,0.8898
137,4.5333,9,9,100,214,153,335,0.7587
138,4.5667,1,1,1066,163,1276,619,0.9198
138,4.5667,3,3,347,181,472,512,0.9133
138,4.5667,4,4,912,153,1091,620,0.8649
138,4.5667,5,5,172,165,301,520,0.8898
138,4.5667,9,9,101,214,153,335,0.7658
139,4.6,1,1,1073,165,1279,621,0.9221
139,4.6,3,3,351,180,474,513,0.9148
139,4.6,4,4,912,154,1115,619,0.8752
139,4.6,5,5,173,167,302,519,0.8815
139,4.6,9,9,103,215,152,335,0.7674
140,4.6333,1,1,1081,167,1279,622,0.9194
140,4.6333,3,3,355,180,475,513,0.9055
140,4.6333,4,4,912,155,1124,620,0.869
140,4.6333,5,5,174,171,302,519,0.8786
140,4.6333,9,9,104,216,152,335,0.7838
140,4.6333,10,10,85,220,118,336,0.5669
141,4.6667,1,1,1084,167,1279,623,0.9194
141,4.6667,3,3,357,179,476,513,0.9051
141,4.6667,4,4,912,155,1126,619,0.8691
141,4.6667,5,5,175,172,302,519,0.8781
141,4.6667,9,9,104,216,152,335,0.7835
141,4.6667,10,10,84,220,118,336,0.5662
142,4.7,1,1,1088,169,1279,625,0.9145
142,4.7,3,3,359,180,477,514,0.913
142,4.7,4,4,914,157,1134,621,0.9027
142,4.7,5,5,176,171,302,520,0.8831
142,4.7,9,9,104,216,152,335,0.7853
142,4.7,10,10,81,220,118,335,0.6161
143,4.7333,1,1,1093,169,1279,627,0.9058
143,4.7333,3,3,360,180,486,513,0.8606
143,4.7333,4,4,916,158,1141,623,0.9113
143,4.7333,5,5,178,167,303,521,0.8688
143,4.7333,9,9,106,217,151,336,0.7911
143,4.7333,10,10,79,222,117,336,0.6873
144,4.7667,1,1,1098,169,1279,627,0.9017
144,4.7667,3,3,362,183,496,514,0.863
144,4.7667,4,4,921,160,1148,624,0.9146
144,4.7667,5,5,179,167,303,522,0.8574
144,4.7667,9,9,107,217,151,336,0.7841
144,4.7667,10,10,79,223,117,335,0.697
145,4.8,1,1,1103,168,1279,626,0.9086
145,4.8,3,3,365,186,504,514,0.8854
145,4.8,4,4,928,161,1154,624,0.915
145,4.8,5,5,181,166,304,522,0.8764
145,4.8,9,9,108,217,151,337,0.779
145,4.8,10,10,78,223,118,335,0.7005
146,4.8333,1,1,1108,165,1279,626,0.9211
146,4.8333,3,3,365,188,508,514,0.8899
146,4.8333,4,4,939,161,1156,625,0.9027
146,4.8333,5,5,183,164,306,521,0.8807
146,4.8333,9,9,109,217,151,337,0.751
146,4.8333,10,10,78,223,118,334,0.655
147,4.8667,1,1,1108,165,1279,626,0.9213
147,4.8667,3,3,365,188,508,514,0.8906
147,4.8667,4,4,942,161,1156,626,0.9023
147,4.8667,5,5,183,164,306,520,0.8807
147,4.8667,9,9,109,217,151,336,0.7497
147,4.8667,10,10,78,223,117,333,0.6544
148,4.9,1,1,1111,164,1279,625,0.9314
148,4.9,3,3,368,190,506,514,0.8728
148,4.9,4,4,951,160,1146,626,0.8981
148,4.9,5,5,185,164,307,521,0.8858
148,4.9,9,9,109,216,152,336,0.7508
148,4.9,10,10,77,224,116,334,0.7139
149,4.9333,1,1,1115,162,1279,626,0.9345
149,4.9333,3,3,374,189,504,516,0.8577
149,4.9333,4,4,963,159,1144,627,0.9029
149,4.9333,5,5,187,163,309,523,0.8735
149,4.9333,9,9,108,215,151,336,0.7561
149,4.9333,10,10,75,223,115,333,0.7223
150,4.9667,1,1,1121,160,1279,628,0.9275
150,4.9667,3,3,379,189,502,517,0.8674
150,4.9667,4,4,972,157,1140,628,0.8885
150,4.9667,5,5,189,165,315,523,0.857
150,4.9667,9,9,108,214,152,336,0.7274
150,4.9667,10,10,74,223,114,333,0.7143
151,5.0,1,1,1128,159,1279,629,0.922
151,5.0,3,3,383,188,502,518,0.874
151,5.0,4,4,980,155,1138,629,0.8951
151,5.0,5,5,193,167,319,523,0.869
151,5.0,9,9,109,214,152,336,0.7335
151,5.0,10,10,73,222,113,334,0.7098
152,5.0333,1,1,1134,159,1279,627,0.9231
152,5.0333,3,3,387,186,504,518,0.8623
152,5.0333,4,4,986,153,1139,629,0.8985
152,5.0333,5,5,196,164,323,523,0.8764
152,5.0333,9,9,109,213,152,336,0.7128
152,5.0333,10,10,74,222,113,334,0.6594
153,5.0667,1,1,1135,159,1279,626,0.9231
153,5.0667,3,3,388,185,504,517,0.8603
153,5.0667,4,4,987,153,1137,628,0.8984
153,5.0667,5,5,197,162,324,523,0.8766
153,5.0667,9,9,109,213,151,335,0.7139
153,5.0667,10,10,74,222,113,334,0.6584
154,5.1,1,1,1141,159,1279,627,0.921
154,5.1,3,3,391,184,508,517,0.8576
154,5.1,4,4,992,153,1139,628,0.9154
154,5.1,5,5,198,169,328,521,0.865
154,5.1,9,9,110,212,151,335,0.7116
154,5.1,10,10,75,222,113,336,0.6886
155,5.1333,1,1,1147,160,1279,627,0.9263
155,5.1333,3,3,393,182,515,518,0.8532
155,5.1333,4,4,999,153,1142,627,0.9093
155,5.1333,5,5,200,169,333,521,0.876
155,5.1333,9,9,109,212,151,335,0.716
155,5.1333,10,10,76,222,113,336,0.6762
156,5.1667,1,1,1153,162,1279,626,0.9362
156,5.1667,3,3,398,181,523,518,0.8663
156,5.1667,4,4,1006,154,1156,628,0.8994
156,5.1667,5,5,205,162,336,523,0.8736
156,5.1667,9,9,108,211,151,335,0.7468
156,5.1667,10,10,76,222,113,336,0.6648
157,5.2,1,1,1162,162,1279,625,0.9222
157,5.2,3,3,401,181,529,517,0.8808
157,5.2,4,4,1012,155,1179,629,0.9006
157,5.2,5,5,208,157,337,523,0.873
157,5.2,9,9,107,212,151,336,0.7609
157,5.2,10,10,77,223,113,336,0.6797
158,5.2333,1,1,1169,164,1279,625,0.9068
158,5.2333,3,3,403,181,533,519,0.8979
158,5.2333,4,4,1019,155,1195,629,0.9011
158,5.2333,5,5,208,156,339,523,0.8756
158,5.2333,9,9,108,213,151,337,0.7508
158,5.2333,10,10,77,224,114,336,0.6902
159,5.2667,1,1,1171,164,1279,624,0.9067
159,5.2667,3,3,404,182,533,519,0.8979
159,5.2667,4,4,1021,156,1200,629,0.9008
159,5.2667,5,5,208,156,339,522,0.8753
159,5.2667,9,9,108,213,151,336,0.7519
159,5.2667,10,10,77,224,114,336,0.692
160,5.3,1,1,1179,167,1279,624,0.9085
160,5.3,3,3,403,182,536,520,0.8973
160,5.3,4,4,1026,157,1206,630,0.8907
160,5.3,5,5,210,155,338,523,0.8705
160,5.3,9,9,108,214,151,336,0.7514
160,5.3,10,10,77,224,114,336,0.6873
161,5.3333,1,1,1185,170,1279,623,0.8993
161,5.3333,3,3,408,183,540,520,0.9055
161,5.3333,4,4,1029,160,1208,630,0.8861
161,5.3333,5,5,215,156,339,522,0.8729
161,5.3333,9,9,107,214,150,336,0.7571
161,5.3333,10,10,77,225,113,336,0.6751
162,5.3667,1,1,1193,175,1279,624,0.8932
162,5.3667,3,3,414,185,543,520,0.9123
162,5.3667,4,4,1032,162,1212,632,0.8879
162,5.3667,5,5,218,158,339,524,0.8727
162,5.3667,9,9,106,214,149,335,0.779
162,5.3667,10,10,77,226,112,336,0.676
162,5.3667,11,11,185,216,223,357,0.6226
163,5.4,1,1,1202,184,1279,625,0.8757
163,5.4,3,3,418,186,545,521,0.8936
163,5.4,4,4,1035,161,1217,633,0.8862
163,5.4,5,5,219,158,340,526,0.8869
163,5.4,9,9,106,215,147,335,0.7894
163,5.4,10,10,76,225,111,336,0.6429
163,5.4,11,11,186,216,223,358,0.6324
164,5.4333,1,1,1211,209,1278,626,0.7984
164,5.4333,3,3,421,188,548,521,0.8896
164,5.4333,4,4,1037,162,1216,634,0.8859
164,5.4333,5,5,220,159,341,526,0.8958
164,5.4333,9,9,106,215,146,334,0.7439
164,5.4333,10,10,76,224,111,336,0.6492
164,5.4333,11,11,186,217,225,358,0.5985
164,5.4333,12,12,157,214,190,338,0.5757
165,5.4667,1,1,1213,218,1278,626,0.798
165,5.4667,3,3,422,188,549,521,0.8895
165,5.4667,4,4,1038,163,1216,634,0.8858
165,5.4667,5,5,220,159,342,526,0.896
165,5.4667,9,9,105,215,145,334,0.7425
165,5.4667,10,10,76,223,111,336,0.6494
165,5.4667,11,11,186,217,225,358,0.5976
165,5.4667,12,12,157,214,190,337,0.5756
166,5.5,1,1,1220,213,1279,618,0.6482
166,5.5,3,3,424,188,551,521,0.8917
166,5.5,4,4,1041,161,1217,634,0.9027
166,5.5,5,5,221,161,343,530,0.8902
166,5.5,9,9,105,214,145,334,0.7109
166,5.5,10,10,76,223,111,336,0.6153
166,5.5,11,11,186,218,226,359,0.5906
166,5.5,12,12,157,214,190,337,0.5485
167,5.5333,1,1,1228,216,1279,616,0.5864
167,5.5333,3,3,426,188,554,521,0.8829
167,5.5333,4,4,1050,159,1223,636,0.9103
167,5.5333,5,5,222,162,345,532,0.8854
167,5.5333,9,9,104,213,144,335,0.726
167,5.5333,10,10,75,222,110,337,0.5835
167,5.5333,11,11,186,219,227,360,0.6132
167,5.5333,12,12,156,214,191,337,0.5593
167,5.5333,13,13,28,223,56,334,0.5937
168,5.5667,1,1,1237,221,1279,475,0.5378
168,5.5667,3,3,427,187,557,522,0.8861
168,5.5667,4,4,1066,156,1235,636,0.9019
168,5.5667,5,5,223,160,348,529,0.8879
168,5.5667,9,9,104,213,144,335,0.7403
168,5.5667,10,10,76,222,110,338,0.5486
168,5.5667,11,11,186,218,227,360,0.5737
168,5.5667,12,12,156,214,192,337,0.5521
168,5.5667,13,13,27,222,56,334,0.5961
169,5.6,1,1,1244,224,1279,451,0.1376
169,5.6,3,3,430,186,558,522,0.8638
169,5.6,4,4,1078,152,1247,638,0.9337
169,5.6,5,5,223,160,350,528,0.8985
169,5.6,9,9,103,212,143,334,0.6806
169,5.6,10,10,76,222,109,339,0.5369
169,5.6,11,11,186,218,228,359,0.5555
169,5.6,12,12,156,214,193,340,0.4702
169,5.6,13,13,27,222,56,333,0.5742
170,5.6333,1,1,1251,230,1279,402,0.2272
170,5.6333,3,3,431,184,560,523,0.8611
170,5.6333,4,4,1082,148,1260,638,0.9347
170,5.6333,5,5,224,159,352,528,0.9003
170,5.6333,9,9,103,213,143,335,0.6619
170,5.6333,10,10,76,222,109,338,0.5306
170,5.6333,11,11,187,219,229,359,0.5692
170,5.6333,12,12,156,215,192,337,0.5323
170,5.6333,13,13,26,222,56,334,0.5693
171,5.6667,1,1,1252,231,1279,391,0.2253
171,5.6667,3,3,431,183,560,523,0.8613
171,5.6667,4,4,1082,147,1264,638,0.9346
171,5.6667,5,5,224,158,352,527,0.9001
171,5.6667,9,9,103,213,143,335,0.6614
171,5.6667,10,10,76,222,109,338,0.531
171,5.6667,11,11,187,220,229,359,0.5695
171,5.6667,12,12,156,215,192,336,0.5371
171,5.6667,13,13,27,222,56,334,0.5665
172,5.7,1,1,1257,236,1279,366,0.1747
172,5.7,3,3,433,182,561,523,0.8793
172,5.7,4,4,1081,146,1276,638,0.9481
172,5.7,5,5,224,157,352,527,0.9066
172,5.7,9,9,103,214,142,336,0.6695
172,5.7,10,10,75,222,108,339,0.5609
172,5.7,11,11,188,220,229,359,0.6367
172,5.7,12,12,156,215,193,336,0.6305
172,5.7,13,13,26,222,56,335,0.576
173,5.7333,1,1,1262,261,1279,350,0.1128
173,5.7333,3,3,434,181,560,523,0.8778
173,5.7333,4,4,1078,145,1279,638,0.9479
173,5.7333,5,5,224,155,355,527,0.9099
173,5.7333,9,9,102,213,142,336,0.6965
173,5.7333,10,10,75,222,108,339,0.5602
173,5.7333,11,11,189,219,229,358,0.6961
173,5.7333,12,12,156,215,192,337,0.7092
173,5.7333,13,13,26,223,56,335,0.577
174,5.7667,3,3,435,180,560,523,0.8793
174,5.7667,4,4,1076,145,1279,639,0.9437
174,5.7667,5,5,225,152,356,527,0.9076
174,5.7667,9,9,102,213,142,336,0.7336
174,5.7667,10,10,75,222,108,339,0.5776
174,5.7667,11,11,189,220,230,358,0.6929
174,5.7667,12,12,155,216,192,339,0.7045
174,5.7667,13,13,26,225,56,336,0.583
175,5.8,3,3,436,179,558,522,0.8806
175,5.8,4,4,1075,148,1279,639,0.9467
175,5.8,5,5,226,151,357,527,0.8973
175,5.8,9,9,102,213,141,336,0.7617
175,5.8,10,10,75,223,107,339,0.5756
175,5.8,11,11,189,220,231,358,0.6675
175,5.8,12,12,155,216,192,338,0.6681
175,5.8,13,13,26,226,56,337,0.5794
176,5.8333,3,3,438,179,559,522,0.8947
176,5.8333,4,4,1077,151,1279,639,0.9492
176,5.8333,5,5,226,151,356,527,0.8941
176,5.8333,9,9,102,214,141,336,0.7782
176,5.8333,10,10,75,223,108,339,0.615
176,5.8333,11,11,189,220,234,357,0.6854
176,5.8333,12,12,155,216,192,338,0.7381
176,5.8333,13,13,26,226,55,336,0.5636
177,5.8667,3,3,439,179,559,522,0.8951
177,5.8667,4,4,1076,152,1279,639,0.9492
177,5.8667,5,5,226,150,356,527,0.8945
177,5.8667,9,9,103,214,141,336,0.7801
177,5.8667,10,10,74,223,108,339,0.6166
177,5.8667,11,11,189,220,234,356,0.6877
177,5.8667,12,12,155,216,192,338,0.741
177,5.8667,13,13,27,226,56,336,0.5638
178,5.9,3,3,441,179,564,522,0.892
178,5.9,4,4,1079,154,1279,641,0.9451
178,5.9,5,5,228,149,356,527,0.8919
178,5.9,9,9,102,215,141,336,0.7691
178,5.9,10,10,73,223,108,340,0.5891
178,5.9,11,11,189,220,236,356,0.7226
178,5.9,12,12,155,216,192,338,0.7115
178,5.9,13,13,26,226,57,337,0.5771
179,5.9333,3,3,444,181,572,523,0.8916
179,5.9333,4,4,1086,156,1279,643,0.9319
179,5.9333,5,5,229,149,356,527,0.8763
179,5.9333,9,9,102,215,142,337,0.8094
179,5.9333,10,10,73,224,107,340,0.5656
179,5.9333,11,11,190,220,238,357,0.7252
179,5.9333,12,12,154,216,193,337,0.6546
179,5.9333,13,13,26,225,57,336,0.5779
180,5.9667,3,3,446,181,578,524,0.9015
180,5.9667,4,4,1096,156,1279,645,0.923
180,5.9667,5,5,231,150,357,528,0.8537
180,5.9667,9,9,102,215,142,337,0.8159
180,5.9667,10,10,73,224,106,339,0.5769
180,5.9667,11,11,190,220,240,357,0.6726
180,5.9667,12,12,153,216,194,339,0.6615
180,5.9667,13,13,26,225,56,334,0.5788
181,6.0,3,3,451,182,581,524,0.902
181,6.0,4,4,1109,155,1279,645,0.9256
181,6.0,5,5,233,154,359,529,0.8766
181,6.0,9,9,101,215,143,337,0.8025
181,6.0,10,10,73,223,106,338,0.6127
181,6.0,11,11,191,220,241,357,0.6842
181,6.0,12,12,152,215,194,339,0.5985
181,6.0,13,13,26,223,56,333,0.6009
182,6.0333,3,3,455,182,582,525,0.8866
182,6.0333,4,4,1126,153,1279,646,0.9239
182,6.0333,5,5,237,157,361,530,0.8864
182,6.0333,9,9,101,215,143,337,0.8254
182,6.0333,10,10,73,223,106,338,0.6115
182,6.0333,11,11,192,221,242,356,0.6259
182,6.0333,12,12,150,215,195,339,0.666
182,6.0333,13,13,25,222,56,332,0.603
183,6.0667,3,3,456,183,582,525,0.8877
183,6.0667,4,4,1131,153,1279,646,0.924
183,6.0667,5,5,238,159,361,530,0.8875
183,6.0667,9,9,101,215,143,337,0.8305
183,6.0667,10,10,72,223,107,338,0.6212
183,6.0667,11,11,192,221,242,356,0.6491
183,6.0667,12,12,150,214,195,338,0.6732
183,6.0667,13,13,25,222,56,333,0.6071
184,6.1,3,3,459,183,581,525,0.8786
184,6.1,4,4,1140,152,1279,647,0.9339
184,6.1,5,5,240,162,363,530,0.8735
184,6.1,9,9,100,214,144,337,0.847
184,6.1,10,10,72,223,106,339,0.6206
184,6.1,11,11,194,222,243,357,0.678
184,6.1,12,12,150,214,194,337,0.7052
184,6.1,13,13,25,221,56,334,0.5997
185,6.1333,3,3,462,183,580,526,0.8772
185,6.1333,4,4,1148,150,1279,647,0.9287
185,6.1333,5,5,241,162,366,531,0.8704
185,6.1333,9,9,100,213,144,337,0.8214
185,6.1333,10,10,72,223,105,339,0.6134
185,6.1333,11,11,195,222,243,357,0.6916
185,6.1333,12,12,150,214,193,337,0.659
185,6.1333,13,13,25,221,56,332,0.5596
186,6.1667,3,3,464,182,580,527,0.8864
186,6.1667,4,4,1154,147,1279,646,0.9235
186,6.1667,5,5,243,160,369,532,0.8559
186,6.1667,9,9,100,212,144,337,0.8032
186,6.1667,10,10,71,222,104,339,0.602
186,6.1667,11,11,195,222,242,357,0.6685
186,6.1667,12,12,150,214,192,337,0.6508
186,6.1667,13,13,24,221,56,332,0.5454
187,6.2,3,3,468,182,584,527,0.8895
187,6.2,4,4,1160,145,1279,646,0.917
187,6.2,5,5,246,160,375,533,0.8677
187,6.2,9,9,100,213,144,337,0.7742
187,6.2,10,10,71,222,104,336,0.605
187,6.2,11,11,196,221,243,358,0.7279
187,6.2,12,12,150,214,190,335,0.5976
187,6.2,13,13,24,221,56,332,0.5659
188,6.2333,3,3,471,181,590,527,0.8918
188,6.2333,4,4,1168,144,1279,646,0.9098
188,6.2333,5,5,249,160,379,533,0.87
188,6.2333,9,9,100,213,143,337,0.7669
188,6.2333,10,10,71,223,103,331,0.6129
188,6.2333,11,11,196,220,242,358,0.7554
188,6.2333,12,12,149,214,188,336,0.5842
188,6.2333,13,13,23,222,56,333,0.5971
188,6.2333,14,14,381,238,421,340,0.6063
189,6.2667,3,3,472,181,591,527,0.8917
189,6.2667,4,4,1170,143,1279,646,0.9099
189,6.2667,5,5,250,160,381,533,0.8704
189,6.2667,9,9,100,213,143,337,0.7668
189,6.2667,10,10,71,223,103,330,0.6113
189,6.2667,11,11,195,220,242,357,0.7538
189,6.2667,12,12,149,214,187,336,0.5928
189,6.2667,13,13,23,222,56,333,0.5966
189,6.2667,14,14,381,238,421,340,0.6069
190,6.3,3,3,474,180,597,527,0.8823
190,6.3,4,4,1175,142,1279,645,0.9098
190,6.3,5,5,252,160,383,533,0.8733
190,6.3,9,9,100,213,143,337,0.8097
190,6.3,10,10,71,223,102,335,0.6134
190,6.3,11,11,195,219,242,357,0.7315
190,6.3,12,12,149,214,186,335,0.5598
190,6.3,13,13,22,223,56,334,0.6097
190,6.3,14,14,383,239,421,337,0.5381
191,6.3333,3,3,477,179,602,527,0.8861
191,6.3333,4,4,1182,143,1279,646,0.8907
191,6.3333,5,5,255,157,386,533,0.867
191,6.3333,9,9,100,214,142,337,0.8001
191,6.3333,10,10,71,223,102,336,0.6038
191,6.3333,11,11,195,218,243,357,0.6919
191,6.3333,12,12,149,214,184,333,0.5127
191,6.3333,13,13,21,224,55,336,0.6188
191,6.3333,14,14,384,239,420,339,0.4924
192,6.3667,3,3,480,177,606,529,0.8943
192,6.3667,4,4,1188,145,1279,646,0.8662
192,6.3667,5,5,257,154,389,533,0.8599
192,6.3667,9,9,99,214,142,337,0.7885
192,6.3667,10,10,71,223,102,337,0.6044
192,6.3667,11,11,194,219,243,357,0.6945
192,6.3667,12,12,149,214,183,332,0.5293
192,6.3667,13,13,21,225,55,337,0.6327
192,6.3667,14,14,385,240,419,335,0.3639
193,6.4,3,3,482,177,608,530,0.8908
193,6.4,4,4,1195,147,1279,646,0.8419
193,6.4,5,5,259,153,391,533,0.8557
193,6.4,9,9,99,215,141,337,0.7759
193,6.4,10,10,71,224,102,338,0.6023
193,6.4,11,11,194,218,243,358,0.6886
193,6.4,12,12,150,215,183,333,0.56
193,6.4,13,13,21,226,55,337,0.6299
193,6.4,14,14,386,241,417,308,0.5048
194,6.4333,3,3,484,177,611,528,0.8973
194,6.4333,4,4,1199,149,1279,646,0.8458
194,6.4333,5,5,262,155,395,532,0.8532
194,6.4333,9,9,99,215,141,337,0.7537
194,6.4333,10,10,71,225,102,338,0.6169
194,6.4333,11,11,194,217,244,358,0.6885
194,6.4333,12,12,149,215,183,333,0.5519
194,6.4333,13,13,20,227,55,339,0.6326
194,6.4333,14,14,387,244,416,298,0.536
195,6.4667,3,3,484,177,612,527,0.8975
195,6.4667,4,4,1200,151,1279,646,0.8455
195,6.4667,5,5,263,155,396,532,0.8531
195,6.4667,9,9,98,215,141,337,0.7543
195,6.4667,10,10,71,225,102,338,0.6166
195,6.4667,11,11,194,217,244,358,0.6882
195,6.4667,12,12,149,215,183,333,0.5521
195,6.4667,13,13,20,227,55,339,0.6387
195,6.4667,14,14,387,245,416,296,0.54
196,6.5,3,3,486,177,614,527,0.8895
196,6.5,4,4,1203,153,1279,646,0.8463
196,6.5,5,5,266,156,395,533,0.8496
196,6.5,9,9,98,215,140,338,0.7842
196,6.5,10,10,71,225,101,338,0.6522
196,6.5,11,11,195,217,245,358,0.6706
196,6.5,12,12,149,216,183,333,0.5743
196,6.5,13,13,20,227,55,341,0.6628
196,6.5,14,14,388,244,416,294,0.5345
197,6.5333,3,3,488,179,615,527,0.887
197,6.5333,4,4,1205,176,1279,646,0.8199
197,6.5333,5,5,268,155,396,534,0.8484
197,6.5333,9,9,97,215,140,338,0.7605
197,6.5333,10,10,72,225,100,337,0.6574
197,6.5333,11,11,195,218,245,358,0.6376
197,6.5333,12,12,148,217,182,332,0.5466
197,6.5333,13,13,20,226,56,342,0.6823
197,6.5333,14,14,388,242,415,295,0.508
198,6.5667,3,3,490,180,618,527,0.8885
198,6.5667,4,4,1206,210,1279,645,0.8337
198,6.5667,5,5,269,157,396,536,0.8617
198,6.5667,9,9,97,216,139,337,0.7821
198,6.5667,10,10,72,225,100,336,0.6305
198,6.5667,11,11,197,219,245,358,0.6446
198,6.5667,12,12,148,218,183,333,0.594
198,6.5667,13,13,20,225,55,342,0.6753
198,6.5667,14,14,388,240,415,296,0.5953
199,6.6,3,3,493,182,620,530,0.8878
199,6.6,4,4,1211,223,1279,645,0.7819
199,6.6,5,5,270,158,398,537,0.872
199,6.6,9,9,97,216,138,336,0.7716
199,6.6,10,10,71,224,100,336,0.6132
199,6.6,11,11,198,219,245,358,0.6301
199,6.6,12,12,148,218,183,333,0.6165
199,6.6,13,13,20,224,55,342,0.6929
199,6.6,14,14,388,239,415,297,0.6118
200,6.6333,3,3,495,184,622,532,0.8793
200,6.6333,4,4,1223,232,1279,641,0.6195
200,6.6333,5,5,271,163,400,538,0.8752
200,6.6333,9,9,95,216,138,337,0.761
200,6.6333,10,10,71,223,100,337,0.5914
200,6.6333,11,11,199,219,245,358,0.6312
200,6.6333,12,12,149,218,184,334,0.685
200,6.6333,13,13,19,224,55,342,0.6858
200,6.6333,14,14,388,237,415,299,0.5812
201,6.6667,3,3,496,185,622,533,0.8793
201,6.6667,4,4,1227,236,1279,639,0.6254
201,6.6667,5,5,272,164,400,538,0.8756
201,6.6667,9,9,95,216,137,337,0.7625
201,6.6667,10,10,71,222,100,337,0.5927
201,6.6667,11,11,200,220,245,358,0.631
201,6.6667,12,12,149,218,184,335,0.6857
201,6.6667,13,13,19,223,55,342,0.6865
201,6.6667,14,14,388,237,415,299,0.5827
202,6.7,3,3,496,185,623,533,0.8723
202,6.7,5,5,273,168,403,538,0.8757
202,6.7,9,9,94,216,137,338,0.7421
202,6.7,10,10,71,222,100,337,0.5681
202,6.7,11,11,201,218,244,357,0.5823
202,6.7,12,12,150,218,184,335,0.6181
202,6.7,13,13,18,222,55,341,0.6889
202,6.7,14,14,388,237,415,299,0.5417
203,6.7333,3,3,497,185,625,534,0.8755
203,6.7333,5,5,273,167,406,537,0.8814
203,6.7333,9,9,94,216,137,339,0.7415
203,6.7333,10,10,71,221,100,338,0.5214
203,6.7333,11,11,202,216,243,357,0.5707
203,6.7333,12,12,149,217,184,335,0.6047
203,6.7333,13,13,18,222,55,340,0.6852
203,6.7333,14,14,387,236,415,298,0.4225
204,6.7667,3,3,497,183,627,533,0.8813
204,6.7667,5,5,274,168,409,536,0.8852
204,6.7667,9,9,93,216,138,339,0.7538
204,6.7667,10,10,71,222,99,336,0.4147
204,6.7667,11,11,202,215,244,357,0.5459
204,6.7667,12,12,149,216,184,335,0.6056
204,6.7667,13,13,18,222,55,340,0.6817
204,6.7667,14,14,388,235,415,295,0.3875
205,6.8,3,3,497,182,629,533,0.884
205,6.8,5,5,274,162,411,536,0.8956
205,6.8,9,9,92,216,137,338,0.7565
205,6.8,10,10,71,223,99,335,0.3672
205,6.8,11,11,202,215,244,358,0.5775
205,6.8,12,12,149,215,184,334,0.561
205,6.8,13,13,18,222,55,340,0.6638
205,6.8,14,14,388,235,415,293,0.3394
206,6.8333,3,3,497,181,630,532,0.8832
206,6.8333,5,5,275,153,412,535,0.9023
206,6.8333,9,9,92,215,137,337,0.7713
206,6.8333,10,10,70,221,100,337,0.4151
206,6.8333,11,11,201,215,245,358,0.5847
206,6.8333,12,12,149,214,184,334,0.5463
206,6.8333,13,13,18,222,55,340,0.6786
206,6.8333,14,14,391,236,415,296,0.2294
207,6.8667,3,3,496,181,631,532,0.8833
207,6.8667,5,5,275,150,413,535,0.9026
207,6.8667,9,9,91,215,137,337,0.7713
207,6.8667,10,10,70,221,101,339,0.4036
207,6.8667,11,11,201,216,245,359,0.5884
207,6.8667,12,12,148,214,184,333,0.5438
207,6.8667,13,13,19,222,55,340,0.6832
207,6.8667,14,14,391,236,415,297,0.2312
208,6.9,3,3,497,180,633,533,0.8945
208,6.9,5,5,275,152,413,535,0.9051
208,6.9,9,9,91,216,138,337,0.7906
208,6.9,10,10,70,222,98,335,0.3678
208,6.9,11,11,201,216,246,355,0.5958
208,6.9,12,12,148,214,185,332,0.5532
208,6.9,13,13,19,222,55,340,0.7092
208,6.9,14,14,393,238,414,298,0.1099
209,6.9333,3,3,497,179,634,533,0.8966
209,6.9333,5,5,276,157,414,535,0.9045
209,6.9333,9,9,91,216,138,338,0.7997
209,6.9333,10,10,69,221,99,337,0.2813
209,6.9333,11,11,201,217,246,353,0.6681
209,6.9333,12,12,148,215,186,332,0.567
209,6.9333,13,13,19,222,55,340,0.7088
210,6.9667,3,3,498,178,634,532,0.8982
210,6.9667,5,5,277,160,414,535,0.9068
210,6.9667,9,9,91,216,138,338,0.8228
210,6.9667,10,10,70,221,100,338,0.2481
210,6.9667,11,11,202,216,247,354,0.6898
210,6.9667,12,12,148,215,187,333,0.5597
210,6.9667,13,13,20,222,55,340,0.6995
211,7.0,3,3,499,178,631,532,0.9001
211,7.0,5,5,279,153,414,534,0.9141
211,7.0,9,9,91,216,137,338,0.8271
211,7.0,10,10,69,221,100,338,0.4329
211,7.0,11,11,202,218,248,357,0.7405
211,7.0,12,12,148,215,187,332,0.6107
211,7.0,13,13,21,223,55,341,0.7094
212,7.0333,3,3,500,179,630,532,0.898
212,7.0333,5,5,280,147,414,535,0.9106
212,7.0333,9,9,90,216,137,338,0.8312
212,7.0333,10,10,69,220,101,339,0.2897
212,7.0333,11,11,202,220,248,357,0.7644
212,7.0333,12,12,147,216,186,333,0.607
212,7.0333,13,13,21,223,54,341,0.7219
213,7.0667,3,3,501,179,629,532,0.898
213,7.0667,5,5,280,145,414,535,0.9108
213,7.0667,9,9,90,216,136,338,0.8307
213,7.0667,10,10,69,220,101,340,0.2903
213,7.0667,11,11,202,220,248,357,0.7652
213,7.0667,12,12,147,216,186,333,0.6073
213,7.0667,13,13,21,223,54,341,0.7243
214,7.1,3,3,505,179,633,532,0.8849
214,7.1,5,5,282,148,414,537,0.8977
214,7.1,9,9,90,216,136,338,0.803
214,7.1,10,10,69,221,101,340,0.4592
214,7.1,11,11,202,221,249,357,0.7455
214,7.1,12,12,146,216,185,333,0.526
214,7.1,13,13,21,223,55,341,0.7158
215,7.1333,3,3,508,179,636,533,0.8921
215,7.1333,5,5,285,154,414,538,0.898
215,7.1333,9,9,91,217,136,338,0.8023
215,7.1333,10,10,68,223,100,340,0.5838
215,7.1333,11,11,203,221,249,357,0.7335
215,7.1333,12,12,146,217,184,334,0.5753
215,7.1333,13,13,22,223,55,339,0.6828
216,7.1667,3,3,511,180,639,534,0.896
216,7.1667,5,5,287,155,417,539,0.9058
216,7.1667,9,9,92,217,136,339,0.7915
216,7.1667,10,10,68,223,99,339,0.4813
216,7.1667,11,11,202,222,248,357,0.6674
216,7.1667,12,12,147,216,183,333,0.5547
216,7.1667,13,13,22,223,55,337,0.6682
217,7.2,3,3,514,180,640,535,0.899
217,7.2,5,5,289,156,420,540,0.9071
217,7.2,9,9,93,217,136,339,0.7838
217,7.2,10,10,68,224,97,339,0.5034
217,7.2,11,11,202,222,248,358,0.6938
217,7.2,12,12,147,216,183,331,0.5474
217,7.2,13,13,23,223,55,337,0.6491
217,7.2,7,16,242,218,292,367,0.7369
218,7.2333,3,3,518,180,638,537,0.8805
218,7.2333,5,5,292,158,423,541,0.9062
218,7.2333,9,9,93,217,137,341,0.7978
218,7.2333,10,10,68,225,95,338,0.4932
218,7.2333,11,11,202,221,248,358,0.7067
218,7.2333,12,12,147,215,182,330,0.5674
218,7.2333,13,13,23,222,55,337,0.6331
218,7.2333,7,16,242,217,293,367,0.7608
219,7.2667,3,3,520,180,638,537,0.8795
219,7.2667,5,5,292,159,424,541,0.906
219,7.2667,9,9,93,217,137,341,0.7963
219,7.2667,10,10,68,225,95,337,0.4983
219,7.2667,11,11,202,220,248,359,0.7074
219,7.2667,12,12,147,215,182,330,0.5674
219,7.2667,13,13,23,222,55,338,0.6345
219,7.2667,7,16,241,217,293,367,0.7664
220,7.3,3,3,521,179,639,538,0.8794
220,7.3,5,5,294,162,425,541,0.9069
220,7.3,9,9,94,217,137,342,0.8012
220,7.3,10,10,68,226,94,337,0.511
220,7.3,11,11,201,219,248,360,0.7138
220,7.3,12,12,147,215,181,333,0.64
220,7.3,13,13,24,222,55,335,0.611
220,7.3,7,16,242,216,295,367,0.734
221,7.3333,3,3,524,177,641,539,0.8828
221,7.3333,5,5,297,161,427,543,0.8996
221,7.3333,9,9,93,216,138,342,0.8141
221,7.3333,10,10,68,226,94,337,0.475
221,7.3333,11,11,201,219,248,359,0.7153
221,7.3333,12,12,146,214,181,335,0.6638
221,7.3333,13,13,24,221,55,334,0.6074
221,7.3333,7,16,243,216,297,367,0.7312
222,7.3667,3,3,526,177,647,540,0.8899
222,7.3667,5,5,301,161,431,544,0.8907
222,7.3667,9,9,94,216,138,342,0.7958
222,7.3667,10,10,68,227,94,335,0.3931
222,7.3667,11,11,202,219,249,359,0.7273
222,7.3667,12,12,145,213,181,336,0.6601
222,7.3667,13,13,24,221,56,331,0.6008
222,7.3667,7,16,244,216,299,369,0.7299
223,7.4,3,3,529,177,652,541,0.8962
223,7.4,5,5,306,159,437,544,0.8931
223,7.4,9,9,95,215,138,341,0.7956
223,7.4,10,10,68,229,93,328,0.4232
223,7.4,11,11,202,218,250,358,0.7485
223,7.4,12,12,144,213,181,337,0.6399
223,7.4,13,13,24,221,56,331,0.5844
223,7.4,7,16,245,216,299,369,0.7502
224,7.4333,3,3,532,176,659,542,0.896
224,7.4333,5,5,310,155,442,544,0.8962
224,7.4333,9,9,96,214,138,340,0.7994
224,7.4333,10,10,68,230,93,322,0.3992
224,7.4333,11,11,202,218,250,357,0.7554
224,7.4333,12,12,143,212,181,336,0.5889
224,7.4333,13,13,25,221,56,331,0.5763
224,7.4333,7,16,245,216,299,369,0.781
225,7.4667,3,3,533,176,661,542,0.8962
225,7.4667,5,5,312,153,444,544,0.8964
225,7.4667,9,9,96,214,138,340,0.7989
225,7.4667,10,10,67,230,93,320,0.408
225,7.4667,11,11,202,218,250,357,0.7549
225,7.4667,12,12,143,212,181,336,0.5904
225,7.4667,13,13,24,221,55,331,0.5806
225,7.4667,7,16,245,216,299,368,0.7796
226,7.5,3,3,535,175,666,542,0.8935
226,7.5,5,5,315,153,447,543,0.885
226,7.5,9,9,97,214,138,340,0.7855
226,7.5,10,10,68,228,92,319,0.2766
226,7.5,11,11,202,218,251,356,0.7304
226,7.5,12,12,142,212,181,336,0.6801
226,7.5,13,13,24,221,55,331,0.5738
226,7.5,7,16,246,217,300,369,0.8147
227,7.5333,3,3,537,174,669,541,0.885
227,7.5333,5,5,319,154,453,544,0.8731
227,7.5333,9,9,98,213,139,339,0.7754
227,7.5333,10,10,68,226,92,318,0.1605
227,7.5333,11,11,202,219,251,357,0.6823
227,7.5333,12,12,141,212,179,336,0.7358
227,7.5333,13,13,24,221,55,332,0.5684
227,7.5333,7,16,245,217,300,369,0.8057
228,7.5667,3,3,540,173,671,541,0.8825
228,7.5667,5,5,323,153,458,543,0.8883
228,7.5667,9,9,98,213,138,339,0.7514
228,7.5667,10,10,68,225,91,317,0.1119
228,7.5667,11,11,202,220,251,356,0.692
228,7.5667,12,12,141,212,178,336,0.7501
228,7.5667,13,13,23,221,55,334,0.5982
228,7.5667,7,16,244,218,300,369,0.8082
229,7.6,3,3,545,173,674,541,0.898
229,7.6,5,5,325,154,462,544,0.885
229,7.6,9,9,98,214,138,339,0.713
229,7.6,11,11,202,222,251,355,0.6799
229,7.6,12,12,140,212,177,336,0.7105
229,7.6,13,13,23,222,55,336,0.6084
229,7.6,7,16,244,219,300,368,0.8102
230,7.6333,3,3,547,174,676,542,0.8959
230,7.6333,5,5,328,152,464,544,0.8879
230,7.6333,9,9,98,215,138,341,0.7167
230,7.6333,11,11,202,222,252,355,0.6746
230,7.6333,12,12,139,212,176,336,0.7401
230,7.6333,13,13,22,222,55,337,0.6278
230,7.6333,7,16,243,220,299,368,0.7939
231,7.6667,3,3,548,175,677,542,0.8947
231,7.6667,5,5,329,151,464,545,0.8878
231,7.6667,9,9,98,215,137,341,0.7161
231,7.6667,11,11,202,222,252,355,0.6707
231,7.6667,12,12,139,212,176,335,0.7406
231,7.6667,13,13,22,223,54,337,0.6308
231,7.6667,7,16,243,220,299,368,0.7922
232,7.7,3,3,550,175,678,542,0.8978
232,7.7,5,5,331,153,465,546,0.8827
232,7.7,9,9,97,215,137,342,0.7114
232,7.7,11,11,202,222,252,358,0.7022
232,7.7,12,12,139,213,175,336,0.7414
232,7.7,13,13,22,223,55,338,0.6536
232,7.7,7,16,243,220,299,367,0.7695
233,7.7333,3,3,552,176,680,542,0.8986
233,7.7333,5,5,334,163,467,548,0.8853
233,7.7333,9,9,97,216,137,341,0.7403
233,7.7333,11,11,202,221,252,358,0.6423
233,7.7333,12,12,139,213,176,333,0.7077
233,7.7333,13,13,22,224,55,340,0.6808
233,7.7333,7,16,243,219,299,367,0.7634
234,7.7667,3,3,555,178,682,543,0.8945
234,7.7667,5,5,337,162,470,549,0.8853
234,7.7667,9,9,95,216,136,339,0.7648
234,7.7667,11,11,202,221,252,359,0.6191
234,7.7667,12,12,139,214,176,335,0.7007
234,7.7667,13,13,21,224,55,341,0.7124
234,7.7667,7,16,243,218,300,366,0.6881
235,7.8,3,3,558,179,685,544,0.8945
235,7.8,5,5,340,163,473,550,0.8806
235,7.8,9,9,93,217,136,338,0.7475
235,7.8,11,11,202,220,253,360,0.6243
235,7.8,12,12,139,214,176,335,0.68
235,7.8,13,13,21,224,55,342,0.7193
235,7.8,7,16,244,217,300,366,0.7152
236,7.8333,3,3,559,180,689,545,0.8931
236,7.8333,5,5,343,160,476,551,0.883
236,7.8333,9,9,91,217,136,338,0.7594
236,7.8333,11,11,204,218,253,359,0.6128
236,7.8333,12,12,140,215,175,335,0.6834
236,7.8333,13,13,19,223,55,343,0.7067
236,7.8333,7,16,245,216,301,367,0.7119
237,7.8667,3,3,560,180,690,545,0.8924
237,7.8667,5,5,344,158,477,551,0.8833
237,7.8667,9,9,91,217,136,338,0.7592
237,7.8667,11,11,205,217,253,359,0.6126
237,7.8667,12,12,140,215,175,335,0.6833
237,7.8667,13,13,19,223,54,343,0.7063
237,7.8667,7,16,245,216,301,367,0.7141
238,7.9,3,3,561,181,692,547,0.8937
238,7.9,5,5,345,158,479,551,0.8849
238,7.9,9,9,90,216,136,338,0.7984
238,7.9,11,11,206,217,252,359,0.5636
238,7.9,12,12,140,215,175,333,0.6786
238,7.9,13,13,18,223,55,343,0.7067
238,7.9,7,16,245,216,302,367,0.7247
239,7.9333,3,3,562,182,693,548,0.8877
239,7.9333,5,5,346,155,483,551,0.8937
239,7.9333,9,9,90,216,136,338,0.7866
239,7.9333,11,11,206,218,252,358,0.5462
239,7.9333,12,12,140,216,175,333,0.6729
239,7.9333,13,13,18,222,55,343,0.697
239,7.9333,7,16,245,217,303,367,0.7601
239,7.9333,15,17,495,238,536,304,0.5875
240,7.9667,3,3,564,180,696,547,0.8904
240,7.9667,5,5,347,156,485,552,0.8929
240,7.9667,9,9,88,215,136,339,0.7923
240,7.9667,11,11,205,220,252,358,0.5227
240,7.9667,12,12,140,216,176,333,0.6636
240,7.9667,13,13,17,222,55,343,0.6945
240,7.9667,7,16,246,218,303,368,0.7681
240,7.9667,15,17,495,238,536,304,0.5962
241,8.0,3,3,565,179,697,547,0.8879
241,8.0,5,5,349,156,486,553,0.8957
241,8.0,9,9,87,215,136,339,0.8041
241,8.0,11,11,203,220,253,357,0.4839
241,8.0,12,12,141,215,176,334,0.6717
241,8.0,13,13,16,222,55,342,0.6833
241,8.0,7,16,247,219,303,368,0.7579
241,8.0,15,17,495,238,536,304,0.5708
242,8.0333,3,3,567,178,702,547,0.9004
242,8.0333,5,5,352,158,486,553,0.8981
242,8.0333,9,9,86,215,136,340,0.8106
242,8.0333,11,11,202,219,255,356,0.5122
242,8.0333,12,12,141,215,176,335,0.7022
242,8.0333,13,13,16,221,55,342,0.6756
242,8.0333,7,16,248,220,303,368,0.7477
242,8.0333,15,17,495,238,535,303,0.5526
243,8.0667,3,3,568,178,703,547,0.9002
243,8.0667,5,5,353,158,486,553,0.8983
243,8.0667,9,9,85,215,136,340,0.8103
243,8.0667,11,11,202,219,255,356,0.514
243,8.0667,12,12,140,215,176,335,0.7009
243,8.0667,13,13,15,221,55,342,0.6746
243,8.0667,7,16,248,220,303,368,0.7477
243,8.0667,15,17,495,238,535,303,0.5546
244,8.1,3,3,569,178,705,547,0.9071
244,8.1,5,5,354,156,487,553,0.8995
244,8.1,9,9,85,214,136,341,0.8278
244,8.1,11,11,201,219,256,357,0.5028
244,8.1,12,12,140,215,176,335,0.7173
244,8.1,13,13,15,221,55,342,0.6773
244,8.1,7,16,249,221,304,368,0.7412
244,8.1,15,17,495,238,535,303,0.5638
245,8.1333,3,3,571,177,706,547,0.9036
245,8.1333,5,5,356,154,488,553,0.8921
245,8.1333,9,9,86,214,136,342,0.8326
245,8.1333,11,11,200,219,256,359,0.5151
245,8.1333,12,12,140,214,176,335,0.7099
245,8.1333,13,13,15,222,55,342,0.6823
245,8.1333,7,16,248,221,303,368,0.7186
245,8.1333,15,17,495,238,535,303,0.5555
246,8.1667,3,3,573,177,706,547,0.901
246,8.1667,5,5,357,151,490,552,0.8942
246,8.1667,9,9,86,214,136,342,0.8391
246,8.1667,11,11,200,220,257,359,0.5746
246,8.1667,12,12,139,214,176,335,0.6936
246,8.1667,13,13,15,222,55,343,0.6917
246,8.1667,7,16,249,221,304,368,0.7165
246,8.1667,15,17,496,239,535,303,0.579
247,8.2,3,3,575,177,706,547,0.8979
247,8.2,5,5,357,150,493,552,0.8892
247,8.2,9,9,86,215,136,342,0.8408
247,8.2,11,11,199,220,257,360,0.5585
247,8.2,12,12,139,214,176,335,0.6895
247,8.2,13,13,15,222,55,343,0.7145
247,8.2,7,16,250,220,304,368,0.6217
247,8.2,15,17,496,239,535,303,0.565
248,8.2333,3,3,579,178,709,548,0.9056
248,8.2333,5,5,357,153,496,553,0.8742
248,8.2333,9,9,85,215,136,342,0.828
248,8.2333,11,11,199,219,258,361,0.5548
248,8.2333,12,12,139,214,177,335,0.6824
248,8.2333,13,13,16,223,54,343,0.736
248,8.2333,7,16,251,219,305,369,0.6267
248,8.2333,15,17,497,240,535,303,0.5556
249,8.2667,3,3,581,178,710,549,0.9058
249,8.2667,5,5,357,154,497,554,0.8742
249,8.2667,9,9,85,215,136,341,0.828
249,8.2667,11,11,198,219,259,361,0.5557
249,8.2667,12,12,138,213,177,335,0.6837
249,8.2667,13,13,16,223,54,343,0.7343
249,8.2667,7,16,251,218,305,369,0.6321
249,8.2667,15,17,497,240,535,303,0.5567
250,8.3,3,3,584,180,720,549,0.9079
250,8.3,5,5,357,161,501,555,0.868
250,8.3,9,9,85,215,136,340,0.8213
250,8.3,11,11,198,219,259,361,0.5667
250,8.3,12,12,138,213,177,336,0.6667
250,8.3,13,13,16,223,54,343,0.7504
250,8.3,7,16,253,220,305,369,0.6433
250,8.3,15,17,497,240,535,303,0.4969
251,8.3333,3,3,586,182,729,551,0.8999
251,8.3333,5,5,359,157,505,555,0.868
251,8.3333,9,9,86,215,136,340,0.8049
251,8.3333,11,11,207,218,260,359,0.5936
251,8.3333,12,12,138,213,177,336,0.6774
251,8.3333,13,13,17,223,53,343,0.7312
251,8.3333,7,16,252,218,305,369,0.7124
251,8.3333,15,17,497,239,535,303,0.4585
252,8.3667,3,3,590,185,735,553,0.9009
252,8.3667,5,5,366,154,510,555,0.8791
252,8.3667,9,9,87,215,136,339,0.7912
252,8.3667,11,11,212,218,260,359,0.6361
252,8.3667,12,12,137,213,177,335,0.6788
252,8.3667,13,13,17,224,54,343,0.7232
252,8.3667,7,16,253,217,303,369,0.7031
252,8.3667,15,17,498,240,535,304,0.4099
253,8.4,3,3,593,187,738,553,0.8985
253,8.4,5,5,375,154,516,556,0.881
253,8.4,9,9,88,215,136,339,0.7716
253,8.4,11,11,215,216,262,360,0.6262
253,8.4,12,12,137,214,177,336,0.6554
253,8.4,13,13,18,225,54,343,0.7224
253,8.4,7,16,253,217,303,369,0.6983
253,8.4,15,17,498,239,536,304,0.3009
254,8.4333,3,3,597,187,739,553,0.8949
254,8.4333,5,5,383,155,519,557,0.8801
254,8.4333,9,9,89,215,136,340,0.7661
254,8.4333,11,11,215,217,263,360,0.5924
254,8.4333,12,12,137,214,177,337,0.6803
254,8.4333,13,13,19,226,55,343,0.7292
254,8.4333,7,16,254,218,303,369,0.7255
254,8.4333,15,17,499,237,536,304,0.11
255,8.4667,3,3,598,187,739,553,0.895
255,8.4667,5,5,385,155,520,558,0.8802
255,8.4667,9,9,89,215,136,340,0.7662
255,8.4667,11,11,215,217,263,359,0.5942
255,8.4667,12,12,137,214,177,338,0.6802
255,8.4667,13,13,19,226,55,343,0.7285
255,8.4667,7,16,254,218,303,369,0.7278
255,8.4667,15,17,500,236,535,304,0.1076
256,8.5,3,3,603,187,737,554,0.8848
256,8.5,5,5,387,155,524,559,0.8819
256,8.5,9,9,89,215,136,342,0.7867
256,8.5,11,11,218,218,264,359,0.5656
256,8.5,12,12,137,215,177,339,0.7143
256,8.5,13,13,19,225,55,342,0.7006
256,8.5,7,16,255,219,304,369,0.7184
257,8.5333,3,3,606,186,737,556,0.8841
257,8.5333,5,5,388,155,530,560,0.884
257,8.5333,9,9,89,215,136,342,0.7937
257,8.5333,11,11,221,218,264,358,0.5525
257,8.5333,12,12,138,216,177,339,0.7299
257,8.5333,13,13,20,225,55,341,0.6741
257,8.5333,7,16,256,220,305,369,0.7031
258,8.5667,3,3,610,184,736,556,0.8782
258,8.5667,5,5,392,154,536,560,0.885
258,8.5667,9,9,88,215,134,342,0.7723
258,8.5667,11,11,223,220,265,360,0.5871
258,8.5667,12,12,138,216,176,339,0.7455
258,8.5667,13,13,20,224,55,342,0.6689
258,8.5667,7,16,256,220,306,368,0.6749
259,8.6,3,3,614,181,738,555,0.8828
259,8.6,5,5,397,160,541,560,0.8758
259,8.6,9,9,88,215,134,341,0.7785
259,8.6,11,11,223,220,266,361,0.5962
259,8.6,12,12,138,216,176,337,0.7302
259,8.6,13,13,21,223,55,342,0.6699
259,8.6,7,16,256,219,306,367,0.6771
260,8.6333,3,3,618,180,745,554,0.8972
260,8.6333,5,5,402,155,548,559,0.9065
260,8.6333,9,9,88,214,133,341,0.7544
260,8.6333,11,11,224,220,267,362,0.5108
260,8.6333,12,12,138,216,176,336,0.753
260,8.6333,13,13,21,222,56,341,0.6839
260,8.6333,7,16,256,220,307,367,0.6006
261,8.6667,3,3,619,180,747,554,0.897
261,8.6667,5,5,404,154,550,559,0.9062
261,8.6667,9,9,87,213,133,341,0.755
261,8.6667,11,11,224,220,267,362,0.5132
261,8.6667,12,12,138,216,175,335,0.7534
261,8.6667,13,13,21,222,55,340,0.6848
261,8.6667,7,16,256,221,306,367,0.6054
261,8.6667,16,18,347,236,375,273,0.6247
262,8.7,3,3,623,179,753,556,0.8892
262,8.7,5,5,407,157,554,559,0.9029
262,8.7,9,9,88,214,133,341,0.7214
262,8.7,11,11,224,221,267,362,0.4686
262,8.7,12,12,138,216,175,335,0.7343
262,8.7,13,13,21,222,55,339,0.6836
262,8.7,7,16,256,221,307,367,0.6157
262,8.7,16,18,347,237,374,274,0.6012
263,8.7333,3,3,626,179,762,556,0.8915
263,8.7333,5,5,411,156,560,559,0.8829
263,8.7333,9,9,89,214,132,341,0.6987
263,8.7333,11,11,225,221,267,361,0.5183
263,8.7333,12,12,138,215,175,335,0.6851
263,8.7333,13,13,21,222,55,338,0.6707
263,8.7333,7,16,257,220,306,366,0.6533
263,8.7333,16,18,346,237,373,274,0.6098
264,8.7667,3,3,629,177,770,555,0.9018
264,8.7667,5,5,415,152,562,558,0.8857
264,8.7667,9,9,89,213,132,338,0.708
264,8.7667,11,11,226,221,266,360,0.5326
264,8.7667,12,12,137,214,175,335,0.6787
264,8.7667,13,13,21,222,55,337,0.6709
264,8.7667,7,16,257,220,305,365,0.6389
264,8.7667,16,18,343,237,372,274,0.6207
265,8.8,3,3,633,176,776,555,0.8977
265,8.8,5,5,419,150,564,558,0.8901
265,8.8,9,9,89,213,132,338,0.7537
265,8.8,11,11,227,221,267,359,0.4084
265,8.8,12,12,136,213,175,336,0.6997
265,8.8,13,13,21,222,55,336,0.6678
265,8.8,7,16,257,220,305,365,0.6362
265,8.8,16,18,341,235,371,274,0.5754
266,8.8333,3,3,639,176,782,557,0.9
266,8.8333,5,5,421,149,566,558,0.8898
266,8.8333,9,9,89,213,132,338,0.7707
266,8.8333,11,11,229,219,268,357,0.2596
266,8.8333,12,12,135,212,175,336,0.6735
266,8.8333,13,13,21,223,55,338,0.6785
266,8.8333,7,16,256,219,305,365,0.617
266,8.8333,16,18,340,234,370,274,0.6067
267,8.8667,3,3,640,176,784,558,0.8995
267,8.8667,5,5,421,148,566,559,0.8893
267,8.8667,9,9,88,212,132,338,0.7702
267,8.8667,11,11,230,219,268,356,0.2559
267,8.8667,12,12,135,211,175,336,0.6746
267,8.8667,13,13,21,223,55,339,0.6771
267,8.8667,7,16,256,218,305,364,0.6079
267,8.8667,16,18,339,233,370,274,0.6062
268,8.9,3,3,642,177,787,557,0.9015
268,8.9,5,5,425,150,567,559,0.8836
268,8.9,9,9,88,213,132,337,0.7496
268,8.9,11,11,230,218,268,356,0.2112
268,8.9,12,12,135,210,175,336,0.7053
268,8.9,13,13,21,223,55,341,0.7141
268,8.9,7,16,256,217,306,365,0.5604
268,8.9,16,18,339,233,370,274,0.6214
269,8.9333,3,3,644,178,790,558,0.9037
269,8.9333,5,5,429,162,568,560,0.8803
269,8.9333,9,9,88,213,132,338,0.773
269,8.9333,11,11,230,219,268,357,0.2819
269,8.9333,12,12,135,211,174,336,0.7515
269,8.9333,13,13,20,224,55,342,0.7084
269,8.9333,7,16,256,218,306,366,0.6173
269,8.9333,16,18,338,232,369,274,0.6129
270,8.9667,3,3,647,179,792,559,0.9008
270,8.9667,5,5,432,157,570,562,0.8854
270,8.9667,9,9,87,214,132,339,0.7578
270,8.9667,11,11,230,218,268,355,0.3735
270,8.9667,12,12,135,211,173,336,0.7557
270,8.9667,13,13,20,225,55,342,0.7071
270,8.9667,7,16,256,217,307,366,0.6897
270,8.9667,16,18,337,232,369,274,0.6284
271,9.0,3,3,650,179,794,560,0.9038
271,9.0,5,5,435,157,573,564,0.8902
271,9.0,9,9,86,214,133,341,0.777
271,9.0,11,11,231,218,268,355,0.4146
271,9.0,12,12,135,211,173,336,0.7053
271,9.0,13,13,19,226,55,342,0.7097
271,9.0,7,16,257,217,309,368,0.7072
271,9.0,16,18,335,232,370,274,0.6065
272,9.0333,3,3,654,180,795,561,0.9031
272,9.0333,5,5,437,155,576,564,0.8981
272,9.0333,9,9,83,214,131,343,0.7814
272,9.0333,11,11,232,218,269,356,0.355
272,9.0333,12,12,135,211,173,335,0.6806
272,9.0333,13,13,18,226,55,343,0.7294
272,9.0333,7,16,258,219,312,369,0.6354
272,9.0333,16,18,334,233,369,274,0.5916
273,9.0667,3,3,655,180,796,562,0.9032
273,9.0667,5,5,438,155,576,564,0.8979
273,9.0667,9,9,81,214,131,343,0.7834
273,9.0667,11,11,232,218,269,356,0.3658
273,9.0667,12,12,135,211,173,335,0.6851
273,9.0667,13,13,18,226,55,343,0.7256
273,9.0667,7,16,258,219,313,369,0.6374
273,9.0667,16,18,334,233,369,274,0.599
274,9.1,3,3,656,180,797,563,0.9059
274,9.1,5,5,440,154,579,565,0.8991
274,9.1,9,9,80,214,130,344,0.8009
274,9.1,11,11,236,217,270,354,0.2655
274,9.1,12,12,136,212,172,335,0.6784
274,9.1,13,13,17,227,55,343,0.7174
274,9.1,7,16,259,219,315,369,0.6446
274,9.1,16,18,334,234,369,274,0.5989
275,9.1333,3,3,658,180,798,565,0.9089
275,9.1333,5,5,442,157,582,567,0.8998
275,9.1333,9,9,78,214,129,344,0.8092
275,9.1333,11,11,237,218,271,352,0.241
275,9.1333,12,12,136,212,172,336,0.6997
275,9.1333,13,13,15,227,55,343,0.7031
275,9.1333,7,16,259,218,316,370,0.6604
275,9.1333,16,18,334,234,368,274,0.6187
276,9.1667,3,3,661,179,800,566,0.9044
276,9.1667,5,5,444,156,586,568,0.8996
276,9.1667,9,9,77,214,127,343,0.8014
276,9.1667,11,11,238,218,271,352,0.2196
276,9.1667,12,12,136,213,172,337,0.7397
276,9.1667,13,13,14,226,54,343,0.6918
276,9.1667,7,16,259,218,318,370,0.6543
276,9.1667,16,18,334,235,367,274,0.6294
277,9.2,3,3,663,178,800,566,0.9028
277,9.2,5,5,447,150,588,567,0.899
277,9.2,9,9,77,213,126,343,0.8059
277,9.2,11,11,238,218,272,350,0.2636
277,9.2,12,12,136,213,173,338,0.7552
277,9.2,13,13,13,226,53,343,0.7228
277,9.2,7,16,260,220,319,367,0.6577
277,9.2,16,18,333,235,367,274,0.6589
278,9.2333,3,3,665,177,802,565,0.9006
278,9.2333,5,5,450,147,591,567,0.9025
278,9.2333,9,9,77,213,126,344,0.8365
278,9.2333,11,11,238,219,272,353,0.3222
278,9.2333,12,12,137,213,173,338,0.7778
278,9.2333,13,13,12,225,53,343,0.7282
278,9.2333,7,16,262,220,320,367,0.7073
278,9.2333,16,18,333,235,367,274,0.6546
279,9.2667,3,3,665,176,803,564,0.9007
279,9.2667,5,5,451,146,591,567,0.9024
279,9.2667,9,9,77,213,126,344,0.8368
279,9.2667,11,11,237,219,272,354,0.3181
279,9.2667,12,12,137,213,174,339,0.7755
279,9.2667,13,13,11,225,53,343,0.7279
279,9.2667,7,16,263,220,320,366,0.7069
279,9.2667,16,18,332,235,367,274,0.6526
280,9.3,3,3,668,176,804,564,0.9037
280,9.3,5,5,453,145,593,568,0.9024
280,9.3,9,9,76,213,126,344,0.845
280,9.3,11,11,235,218,272,359,0.3465
280,9.3,12,12,137,213,173,339,0.781
280,9.3,13,13,11,225,53,342,0.732
280,9.3,7,16,263,220,320,367,0.6551
280,9.3,16,18,333,234,365,273,0.6245
281,9.3333,3,3,671,176,806,564,0.8999
281,9.3333,5,5,455,144,596,569,0.9072
281,9.3333,9,9,76,213,125,343,0.84
281,9.3333,11,11,234,218,273,363,0.4729
281,9.3333,12,12,137,213,174,340,0.7935
281,9.3333,13,13,10,224,52,342,0.7678
281,9.3333,7,16,263,219,320,367,0.6339
281,9.3333,16,18,332,234,364,272,0.647
282,9.3667,3,3,673,175,808,563,0.8962
282,9.3667,5,5,457,143,598,569,0.9065
282,9.3667,9,9,76,213,125,343,0.8226
282,9.3667,11,11,234,218,274,366,0.5752
282,9.3667,12,12,137,214,174,340,0.7872
282,9.3667,13,13,10,223,52,342,0.7831
282,9.3667,7,16,264,217,320,370,0.6394
282,9.3667,16,18,332,233,364,272,0.655
283,9.4,3,3,676,175,810,563,0.893
283,9.4,5,5,460,143,600,569,0.9045
283,9.4,9,9,75,214,125,343,0.8113
283,9.4,11,11,234,218,275,366,0.5685
283,9.4,12,12,138,214,175,341,0.7788
283,9.4,13,13,10,223,51,343,0.7923
283,9.4,7,16,264,216,320,368,0.6015
283,9.4,16,18,331,233,363,272,0.6626
284,9.4333,3,3,678,176,817,563,0.8888
284,9.4333,5,5,462,144,603,569,0.9046
284,9.4333,9,9,76,214,125,343,0.805
284,9.4333,11,11,235,218,275,365,0.4588
284,9.4333,12,12,138,214,175,341,0.7433
284,9.4333,13,13,10,223,51,343,0.8037
284,9.4333,7,16,265,217,321,367,0.6041
284,9.4333,16,18,331,233,363,272,0.6385
285,9.4667,3,3,678,176,819,563,0.8884
285,9.4667,5,5,463,144,603,569,0.9047
285,9.4667,9,9,76,215,125,343,0.807
285,9.4667,11,11,235,218,275,364,0.461
285,9.4667,12,12,138,214,175,341,0.7424
285,9.4667,13,13,10,222,51,343,0.7984
285,9.4667,7,16,265,217,322,367,0.6029
285,9.4667,16,18,330,233,362,272,0.6406
286,9.5,3,3,682,178,830,564,0.8931
286,9.5,5,5,465,144,606,569,0.9094
286,9.5,9,9,76,215,125,343,0.7955
286,9.5,11,11,235,218,277,364,0.5025
286,9.5,12,12,138,213,176,341,0.7042
286,9.5,13,13,9,223,51,342,0.7877
286,9.5,7,16,267,217,321,368,0.5741
286,9.5,16,18,330,233,363,272,0.648
287,9.5333,3,3,687,180,840,565,0.9078
287,9.5333,5,5,468,145,612,569,0.919
287,9.5333,9,9,76,215,125,343,0.7935
287,9.5333,11,11,235,219,278,365,0.5793
287,9.5333,12,12,139,212,177,341,0.6766
287,9.5333,13,13,10,223,51,341,0.7764
287,9.5333,7,16,267,216,320,370,0.6144
287,9.5333,16,18,329,233,362,272,0.6504
288,9.5667,3,3,692,182,848,566,0.9083
288,9.5667,5,5,472,149,618,568,0.8972
288,9.5667,9,9,77,215,126,343,0.7785
288,9.5667,11,11,236,218,279,365,0.5046
288,9.5667,12,12,139,212,178,341,0.6616
288,9.5667,13,13,9,224,51,341,0.7635
288,9.5667,7,16,268,216,319,370,0.6478
288,9.5667,16,18,329,234,361,273,0.6435
289,9.6,3,3,696,184,851,567,0.9034
289,9.6,5,5,478,158,622,569,0.8642
289,9.6,9,9,78,214,127,343,0.818
289,9.6,11,11,237,219,279,365,0.4668
289,9.6,12,12,140,212,179,341,0.7011
289,9.6,13,13,9,225,51,341,0.739
289,9.6,7,16,268,216,319,370,0.6554
289,9.6,16,18,329,234,361,272,0.6439
290,9.6333,3,3,700,186,850,567,0.9042
290,9.6333,5,5,481,157,624,570,0.8856
290,9.6333,9,9,78,214,128,344,0.8292
290,9.6333,11,11,238,220,281,367,0.4097
290,9.6333,12,12,141,211,180,341,0.6992
290,9.6333,13,13,9,226,51,341,0.7304
290,9.6333,7,16,270,218,320,370,0.6417
290,9.6333,16,18,328,234,360,272,0.6386
291,9.6667,3,3,702,186,849,567,0.904
291,9.6667,5,5,481,156,624,570,0.8851
291,9.6667,9,9,79,214,128,344,0.8292
291,9.6667,11,11,239,220,281,367,0.4052
291,9.6667,12,12,141,211,181,341,0.6971
291,9.6667,13,13,9,226,51,341,0.7311
291,9.6667,7,16,269,217,320,369,0.6397
291,9.6667,16,18,328,234,360,272,0.6396
292,9.7,3,3,705,186,848,568,0.8995
292,9.7,5,5,484,157,626,571,0.892
292,9.7,9,9,79,214,128,343,0.8195
292,9.7,11,11,241,221,281,368,0.3342
292,9.7,12,12,142,211,182,340,0.6082
292,9.7,13,13,10,227,51,341,0.7259
292,9.7,7,16,269,217,321,371,0.6489
292,9.7,16,18,327,235,360,272,0.5826
293,9.7333,3,3,711,185,848,569,0.8977
293,9.7333,5,5,489,163,631,572,0.8911
293,9.7333,9,9,79,213,128,343,0.8219
293,9.7333,11,11,242,221,282,365,0.2663
293,9.7333,12,12,144,211,182,338,0.5555
293,9.7333,13,13,10,228,50,341,0.7303
293,9.7333,7,16,269,217,321,370,0.5931
293,9.7333,16,18,325,236,359,272,0.5602
294,9.7667,3,3,716,183,850,569,0.8982
294,9.7667,5,5,494,156,637,573,0.9084
294,9.7667,9,9,79,212,129,344,0.8173
294,9.7667,11,11,243,221,282,363,0.2724
294,9.7667,12,12,145,211,184,341,0.5721
294,9.7667,13,13,10,228,50,341,0.7243
294,9.7667,7,16,268,218,321,370,0.5981
294,9.7667,16,18,323,237,358,272,0.5627
295,9.8,3,3,723,181,854,570,0.8971
295,9.8,5,5,497,153,647,573,0.906
295,9.8,9,9,79,212,130,344,0.8047
295,9.8,11,11,243,220,282,362,0.3125
295,9.8,12,12,146,211,184,341,0.5873
295,9.8,13,13,10,227,49,342,0.7289
295,9.8,7,16,267,218,321,368,0.5745
295,9.8,16,18,322,237,358,271,0.5496
296,9.8333,3,3,730,180,863,570,0.9
296,9.8333,5,5,501,150,657,574,0.9113
296,9.8333,9,9,79,212,131,343,0.7705
296,9.8333,11,11,244,220,283,361,0.3438
296,9.8333,12,12,145,215,183,342,0.6404
296,9.8333,13,13,9,225,50,342,0.7119
296,9.8333,7,16,267,218,321,367,0.5741
296,9.8333,16,18,321,236,357,271,0.5336
297,9.8667,3,3,732,179,865,570,0.8994
297,9.8667,5,5,502,149,661,574,0.9114
297,9.8667,9,9,79,211,131,343,0.7708
297,9.8667,11,11,244,220,283,361,0.3368
297,9.8667,12,12,144,216,183,342,0.6396
297,9.8667,13,13,9,225,49,342,0.7126
297,9.8667,7,16,267,218,321,367,0.5768
297,9.8667,16,18,320,236,357,271,0.5361
298,9.9,3,3,735,178,872,572,0.9004
298,9.9,5,5,506,151,665,574,0.8941
298,9.9,9,9,79,211,130,343,0.7737
298,9.9,11,11,244,219,282,359,0.3362
298,9.9,12,12,144,216,183,342,0.6683
298,9.9,13,13,7,224,50,342,0.7197
298,9.9,7,16,267,217,321,367,0.5642
298,9.9,16,18,320,236,357,272,0.5068
299,9.9333,3,3,741,177,881,571,0.8937
299,9.9333,5,5,510,147,671,574,0.9127
299,9.9333,9,9,79,212,130,342,0.7851
299,9.9333,11,11,244,219,282,356,0.3437
299,9.9333,12,12,144,214,181,342,0.6804
299,9.9333,13,13,6,222,50,342,0.73
299,9.9333,7,16,267,218,323,367,0.5434
299,9.9333,16,18,319,235,356,272,0.4777
300,9.9667,3,3,745,177,889,571,0.8899
300,9.9667,5,5,508,145,674,574,0.9114
300,9.9667,9,9,79,212,129,342,0.7768
300,9.9667,11,11,245,219,282,356,0.3178
300,9.9667,12,12,145,213,181,342,0.7149
300,9.9667,13,13,5,221,50,342,0.7292
300,9.9667,7,16,267,217,323,367,0.5924
300,9.9667,16,18,319,234,355,273,0.4555
301,10.0,3,3,750,177,896,572,0.9042
301,10.0,5,5,516,145,674,573,0.8917
301,10.0,9,9,79,212,129,342,0.7704
301,10.0,11,11,246,219,282,356,0.2601
301,10.0,12,12,146,213,180,343,0.7009
301,10.0,13,13,5,220,50,342,0.7433
301,10.0,7,16,268,217,324,366,0.5938
301,10.0,16,18,319,234,355,274,0.4717
302,10.0333,3,3,753,178,905,574,0.9059
302,10.0333,5,5,507,145,676,574,0.9016
302,10.0333,9,9,79,212,128,343,0.7495
302,10.0333,11,11,247,219,283,357,0.2496
302,10.0333,12,12,146,213,180,343,0.6941
302,10.0333,13,13,5,220,49,342,0.7554
302,10.0333,7,16,268,217,325,366,0.6303
302,10.0333,16,18,319,234,355,276,0.4626
303,10.0667,3,3,755,178,907,574,0.9059
303,10.0667,5,5,503,145,676,575,0.9012
303,10.0667,9,9,79,213,127,343,0.75
303,10.0667,11,11,247,219,283,357,0.2535
303,10.0667,12,12,146,213,180,343,0.693
303,10.0667,13,13,5,220,49,342,0.7556
303,10.0667,7,16,268,217,325,367,0.6344
303,10.0667,16,18,319,234,355,276,0.4664
304,10.1,3,3,760,179,912,573,0.9149
304,10.1,5,5,513,146,678,576,0.8873
304,10.1,9,9,78,213,127,343,0.7468
304,10.1,11,11,248,219,284,358,0.2105
304,10.1,12,12,145,213,180,344,0.6855
304,10.1,13,13,4,220,49,343,0.7492
304,10.1,7,16,268,218,326,368,0.6356
304,10.1,16,18,318,234,355,280,0.4297
305,10.1333,3,3,764,181,916,575,0.9139
305,10.1333,5,5,523,146,680,577,0.8845
305,10.1333,9,9,77,213,127,344,0.7853
305,10.1333,11,11,248,220,284,358,0.1939
305,10.1333,12,12,145,212,180,343,0.6538
305,10.1333,13,13,4,221,48,343,0.7556
305,10.1333,7,16,268,220,327,369,0.6261
305,10.1333,16,18,317,235,355,296,0.5182
306,10.1667,3,3,769,183,920,575,0.9159
306,10.1667,5,5,525,149,683,578,0.8754
306,10.1667,9,9,76,213,126,344,0.7864
306,10.1667,11,11,248,220,284,358,0.2324
306,10.1667,12,12,144,213,179,342,0.6543
306,10.1667,13,13,4,221,48,343,0.7524
306,10.1667,7,16,268,219,328,369,0.6281
306,10.1667,16,18,317,236,355,303,0.4392
307,10.2,3,3,772,185,924,576,0.9128
307,10.2,5,5,519,149,687,578,0.8766
307,10.2,9,9,75,213,126,345,0.7968
307,10.2,11,11,248,220,284,358,0.296
307,10.2,12,12,143,211,179,343,0.6752
307,10.2,13,13,3,222,47,343,0.7713
307,10.2,7,16,269,221,330,370,0.6443
307,10.2,16,18,317,238,355,307,0.4382
308,10.2333,3,3,777,186,928,577,0.9134
308,10.2333,5,5,536,151,691,578,0.8752
308,10.2333,9,9,73,213,125,345,0.8093
308,10.2333,11,11,246,220,282,360,0.3339
308,10.2333,12,12,142,210,179,343,0.6683
308,10.2333,13,13,3,223,47,344,0.7696
308,10.2333,7,16,270,221,330,372,0.6183
308,10.2333,16,18,316,238,354,308,0.5081
309,10.2667,3,3,778,186,929,577,0.913
309,10.2667,5,5,542,151,692,578,0.8734
309,10.2667,9,9,72,213,124,345,0.8107
309,10.2667,11,11,246,220,282,360,0.3286
309,10.2667,12,12,142,210,178,342,0.6687
309,10.2667,13,13,2,223,47,345,0.7744
309,10.2667,7,16,270,221,329,372,0.618
309,10.2667,16,18,316,239,354,309,0.5122
310,10.3,3,3,781,187,931,577,0.9104
310,10.3,5,5,548,151,695,578,0.8921
310,10.3,9,9,71,213,122,345,0.832
310,10.3,11,11,245,220,281,360,0.4308
310,10.3,12,12,142,210,178,342,0.7074
310,10.3,13,13,2,224,46,345,0.7682
310,10.3,7,16,271,221,330,372,0.6368
310,10.3,16,18,317,239,353,310,0.4711
311,10.3333,3,3,785,187,934,578,0.9096
311,10.3333,5,5,554,149,698,579,0.8934
311,10.3333,9,9,71,213,120,345,0.8322
311,10.3333,11,11,245,220,280,360,0.5637
311,10.3333,12,12,142,210,178,341,0.7239
311,10.3333,13,13,2,225,46,345,0.7548
311,10.3333,7,16,273,218,329,371,0.5945
311,10.3333,16,18,317,239,353,310,0.4539
312,10.3667,3,3,789,185,937,578,0.91
312,10.3667,5,5,556,149,701,581,0.8902
312,10.3667,9,9,70,214,118,345,0.8483
312,10.3667,11,11,244,221,280,360,0.6406
312,10.3667,12,12,142,210,177,341,0.7611
312,10.3667,13,13,1,226,45,346,0.7467
312,10.3667,7,16,275,217,329,371,0.6452
312,10.3667,16,18,318,239,351,310,0.407
313,10.4,3,3,794,179,939,579,0.9099
313,10.4,5,5,559,146,703,582,0.8895
313,10.4,9,9,70,213,117,344,0.8638
313,10.4,11,11,244,221,280,361,0.6303
313,10.4,12,12,142,210,177,342,0.7559
313,10.4,13,13,1,227,44,346,0.7588
313,10.4,7,16,276,215,329,371,0.6289
313,10.4,16,18,319,238,352,310,0.4129
314,10.4333,3,3,799,176,941,579,0.913
314,10.4333,5,5,562,144,705,581,0.9045
314,10.4333,9,9,69,213,116,345,0.8744
314,10.4333,11,11,244,221,281,364,0.6432
314,10.4333,12,12,142,210,177,342,0.7572
314,10.4333,13,13,1,228,44,346,0.7422
314,10.4333,7,16,276,215,328,371,0.6191
314,10.4333,16,18,319,237,352,309,0.4276
315,10.4667,3,3,801,175,942,580,0.913
315,10.4667,5,5,562,144,706,581,0.9044
315,10.4667,9,9,69,213,115,345,0.8748
315,10.4667,11,11,244,221,281,365,0.6491
315,10.4667,12,12,142,210,177,343,0.7513
315,10.4667,13,13,1,228,43,346,0.7425
315,10.4667,7,16,277,215,328,371,0.6157
315,10.4667,16,18,319,236,352,309,0.4324
316,10.5,3,3,803,176,942,579,0.908
316,10.5,5,5,565,142,710,581,0.9102
316,10.5,9,9,69,212,115,345,0.8812
316,10.5,11,11,244,221,281,366,0.6063
316,10.5,12,12,141,210,177,342,0.7265
316,10.5,13,13,0,227,42,346,0.7523
316,10.5,7,16,276,215,327,370,0.551
316,10.5,16,18,320,235,350,308,0.3783
317,10.5333,3,3,806,175,945,579,0.8989
317,10.5333,5,5,568,141,713,581,0.9047
317,10.5333,9,9,69,212,116,344,0.8899
317,10.5333,11,11,243,222,282,365,0.6412
317,10.5333,12,12,140,209,177,343,0.7174
317,10.5333,13,13,0,226,42,346,0.7498
317,10.5333,7,16,277,215,327,369,0.542
317,10.5333,16,18,320,234,349,307,0.3557
318,10.5667,3,3,810,175,951,579,0.893
318,10.5667,5,5,573,141,717,580,0.9097
318,10.5667,9,9,69,213,116,344,0.8834
318,10.5667,11,11,243,222,283,365,0.6416
318,10.5667,12,12,140,210,177,344,0.7022
318,10.5667,13,13,0,226,41,345,0.7424
318,10.5667,7,16,276,216,329,369,0.6096
318,10.5667,16,18,320,233,347,304,0.2871
319,10.6,3,3,816,176,960,579,0.9009
319,10.6,5,5,577,140,721,581,0.9121
319,10.6,9,9,69,213,117,344,0.8788
319,10.6,11,11,243,222,283,363,0.6068
319,10.6,12,12,139,209,178,345,0.659
319,10.6,13,13,0,225,40,345,0.7417
319,10.6,7,16,276,216,331,369,0.6569
319,10.6,16,18,320,234,347,297,0.2194
320,10.6333,3,3,822,177,978,579,0.9234
320,10.6333,5,5,582,142,731,581,0.9083
320,10.6333,9,9,69,213,117,344,0.849
320,10.6333,11,11,242,222,283,365,0.6288
320,10.6333,12,12,139,210,178,344,0.6126
320,10.6333,13,13,0,225,39,345,0.7435
320,10.6333,7,16,276,218,333,370,0.642
320,10.6333,16,18,319,234,346,292,0.1954
321,10.6667,3,3,824,177,985,579,0.9235
321,10.6667,5,5,584,142,734,581,0.9088
321,10.6667,9,9,69,214,117,344,0.8498
321,10.6667,11,11,242,222,283,366,0.6309
321,10.6667,12,12,139,211,178,344,0.5962
321,10.6667,13,13,0,225,38,345,0.7435
321,10.6667,7,16,276,218,334,371,0.6398
321,10.6667,16,18,319,234,346,290,0.2018
322,10.7,3,3,829,178,996,580,0.9274
322,10.7,5,5,586,144,739,582,0.9044
322,10.7,9,9,70,214,116,345,0.8484
322,10.7,11,11,243,222,284,366,0.6899
322,10.7,12,12,139,212,178,345,0.5937
322,10.7,13,13,0,224,38,345,0.7538
322,10.7,7,16,276,219,333,371,0.6266
322,10.7,16,18,319,236,346,280,0.2635
323,10.7333,3,3,834,181,1007,581,0.9091
323,10.7333,5,5,589,144,750,582,0.896
323,10.7333,9,9,70,215,116,345,0.8373
323,10.7333,11,11,243,222,283,365,0.6932
323,10.7333,12,12,139,213,177,345,0.5786
323,10.7333,13,13,0,224,37,345,0.7577
323,10.7333,7,16,276,219,336,372,0.6055
323,10.7333,16,18,319,237,344,277,0.1998
324,10.7667,3,3,838,183,1014,583,0.9016
324,10.7667,5,5,592,146,760,582,0.8919
324,10.7667,9,9,69,214,117,345,0.8272
324,10.7667,11,11,243,221,283,365,0.6794
324,10.7667,12,12,139,214,177,344,0.6401
324,10.7667,13,13,0,224,36,345,0.7582
324,10.7667,7,16,276,220,335,370,0.6357
324,10.7667,16,18,319,239,344,276,0.2279
325,10.8,3,3,840,185,1017,583,0.9042
325,10.8,5,5,596,147,765,584,0.8822
325,10.8,9,9,68,213,118,345,0.8501
325,10.8,11,11,243,220,283,364,0.6956
325,10.8,12,12,139,214,177,344,0.6631
325,10.8,13,13,0,225,36,345,0.7382
325,10.8,7,16,275,219,333,369,0.6487
325,10.8,16,18,318,239,343,275,0.2538
326,10.8333,3,3,844,186,1018,584,0.905
326,10.8333,5,5,599,148,764,585,0.8855
326,10.8333,9,9,69,213,118,345,0.8551
326,10.8333,11,11,243,220,283,364,0.7582
326,10.8333,12,12,139,215,177,344,0.7074
326,10.8333,13,13,0,225,36,345,0.7158
326,10.8333,7,16,275,219,330,368,0.6464
326,10.8333,16,18,317,239,343,275,0.2404
327,10.8667,3,3,845,186,1018,584,0.9055
327,10.8667,5,5,600,148,764,586,0.8869
327,10.8667,9,9,69,213,119,345,0.8545
327,10.8667,11,11,243,220,283,364,0.7588
327,10.8667,12,12,139,216,176,345,0.7069
327,10.8667,13,13,0,225,36,345,0.7141
327,10.8667,7,16,275,218,328,367,0.6452
327,10.8667,16,18,317,239,343,275,0.2332
328,10.9,3,3,849,185,1018,587,0.9122
328,10.9,5,5,604,148,762,587,0.899
328,10.9,9,9,69,213,119,345,0.8456
328,10.9,11,11,243,220,283,363,0.7273
328,10.9,12,12,140,216,176,345,0.7265
328,10.9,13,13,0,225,36,345,0.7104
328,10.9,7,16,276,219,327,369,0.6553
328,10.9,16,18,317,239,342,275,0.1835
329,10.9333,3,3,857,184,1018,587,0.9064
329,10.9333,5,5,612,147,764,588,0.9182
329,10.9333,9,9,70,213,120,345,0.829
329,10.9333,11,11,243,220,283,363,0.638
329,10.9333,12,12,142,216,176,344,0.6877
329,10.9333,13,13,0,226,36,346,0.7055
329,10.9333,7,16,275,217,330,369,0.6314
329,10.9333,16,18,317,239,342,276,0.1458
330,10.9667,3,3,865,182,1018,587,0.9175
330,10.9667,5,5,621,147,769,588,0.9107
330,10.9667,9,9,70,213,120,344,0.8231
330,10.9667,11,11,242,220,282,363,0.5952
330,10.9667,12,12,143,216,176,343,0.7209
330,10.9667,13,13,0,227,37,346,0.7074
330,10.9667,7,16,275,215,333,369,0.6174
330,10.9667,16,18,316,237,341,276,0.1097
331,11.0,3,3,877,180,1021,587,0.9094
331,11.0,5,5,629,146,780,588,0.9082
331,11.0,9,9,71,214,121,345,0.8351
331,11.0,11,11,242,220,281,362,0.5638
331,11.0,12,12,143,216,177,341,0.7205
331,11.0,13,13,0,228,38,345,0.7201
331,11.0,7,16,274,216,337,369,0.6237
331,11.0,16,18,316,236,341,276,0.1139
332,11.0333,3,3,887,179,1030,587,0.9114
332,11.0333,5,5,636,145,792,588,0.9117
332,11.0333,9,9,72,214,121,345,0.833
332,11.0333,11,11,241,221,281,363,0.5641
332,11.0333,12,12,143,216,178,341,0.7195
332,11.0333,13,13,0,228,38,345,0.7282
332,11.0333,7,16,273,217,339,368,0.633
332,11.0333,16,18,315,235,340,275,0.1322
333,11.0667,3,3,889,178,1032,587,0.9115
333,11.0667,5,5,638,145,795,588,0.9117
333,11.0667,9,9,72,214,122,345,0.834
333,11.0667,11,11,241,221,281,364,0.5657
333,11.0667,12,12,143,216,178,341,0.7196
333,11.0667,13,13,0,228,38,345,0.7295
333,11.0667,7,16,272,217,339,368,0.6299
333,11.0667,16,18,315,235,340,275,0.1334
334,11.1,3,3,896,176,1040,587,0.905
334,11.1,5,5,643,144,803,588,0.9079
334,11.1,9,9,73,215,122,344,0.8333
334,11.1,11,11,241,221,281,364,0.5615
334,11.1,12,12,143,216,179,341,0.7364
334,11.1,13,13,0,228,38,345,0.729
334,11.1,7,16,272,217,340,367,0.6695
335,11.1333,3,3,903,175,1050,587,0.8975
335,11.1333,5,5,649,143,811,589,0.9095
335,11.1333,9,9,73,215,122,344,0.8458
335,11.1333,11,11,241,222,281,364,0.5798
335,11.1333,12,12,143,216,179,341,0.7282
335,11.1333,13,13,0,228,39,345,0.7531
335,11.1333,7,16,272,217,341,369,0.6809
336,11.1667,3,3,908,174,1059,587,0.9075
336,11.1667,5,5,654,142,817,589,0.912
336,11.1667,9,9,73,215,122,344,0.8519
336,11.1667,11,11,241,221,280,363,0.6368
336,11.1667,12,12,142,216,180,341,0.7144
336,11.1667,13,13,0,226,39,345,0.7698
336,11.1667,7,16,273,216,341,370,0.7093
337,11.2,3,3,913,177,1067,588,0.899
337,11.2,5,5,659,142,820,589,0.9072
337,11.2,9,9,73,216,122,344,0.8492
337,11.2,11,11,241,222,280,363,0.6926
337,11.2,12,12,141,215,179,342,0.7048
337,11.2,13,13,0,226,39,345,0.7458
337,11.2,7,16,274,217,342,370,0.7072
338,11.2333,3,3,918,179,1074,588,0.8998
338,11.2333,5,5,665,143,823,589,0.9023
338,11.2333,9,9,73,217,121,344,0.8392
338,11.2333,11,11,240,222,281,364,0.7252
338,11.2333,12,12,140,215,179,343,0.6975
338,11.2333,13,13,0,225,39,344,0.7371
338,11.2333,7,16,274,219,341,370,0.7105
339,11.2667,3,3,919,179,1076,588,0.8999
339,11.2667,5,5,666,143,824,589,0.9024
339,11.2667,9,9,72,217,121,344,0.8397
339,11.2667,11,11,239,222,281,364,0.7214
339,11.2667,12,12,140,214,179,343,0.6927
339,11.2667,13,13,0,224,39,344,0.738
339,11.2667,7,16,274,219,341,370,0.7141
340,11.3,3,3,922,179,1079,588,0.8953
340,11.3,5,5,671,144,826,591,0.9123
340,11.3,9,9,72,217,120,344,0.8158
340,11.3,11,11,237,222,281,366,0.726
340,11.3,12,12,140,215,179,343,0.7322
340,11.3,13,13,0,224,39,344,0.719
340,11.3,7,16,276,219,340,371,0.7358
341,11.3333,3,3,926,179,1085,589,0.9077
341,11.3333,5,5,675,145,829,592,0.9135
341,11.3333,9,9,72,217,120,344,0.7906
341,11.3333,11,11,236,221,283,367,0.7593
341,11.3333,12,12,140,215,179,343,0.7217
341,11.3333,13,13,0,224,39,344,0.7194
341,11.3333,7,16,279,220,340,372,0.7748
342,11.3667,3,3,931,181,1090,592,0.9129
342,11.3667,5,5,681,147,832,594,0.915
342,11.3667,9,9,71,217,120,344,0.7896
342,11.3667,11,11,235,221,284,368,0.7616
342,11.3667,12,12,140,215,179,342,0.7672
342,11.3667,13,13,0,224,39,344,0.7216
342,11.3667,7,16,281,220,339,372,0.787
343,11.4,3,3,934,183,1093,592,0.9079
343,11.4,5,5,686,149,837,594,0.9145
343,11.4,9,9,70,217,119,344,0.8002
343,11.4,11,11,234,221,284,368,0.7532
343,11.4,12,12,140,215,178,341,0.7873
343,11.4,13,13,0,224,38,344,0.7278
343,11.4,7,16,281,220,338,372,0.7726
344,11.4333,3,3,938,184,1099,593,0.9098
344,11.4333,5,5,690,150,841,595,0.9182
344,11.4333,9,9,70,217,118,345,0.8066
344,11.4333,11,11,234,220,284,368,0.7632
344,11.4333,12,12,139,215,178,339,0.7736
344,11.4333,13,13,0,224,37,344,0.7355
344,11.4333,7,16,282,219,337,372,0.7595
345,11.4667,3,3,938,185,1100,593,0.91
345,11.4667,5,5,691,150,842,595,0.9181
345,11.4667,9,9,69,217,118,345,0.8062
345,11.4667,11,11,233,220,284,368,0.7652
345,11.4667,12,12,139,215,178,339,0.7738
345,11.4667,13,13,0,224,37,344,0.732
345,11.4667,7,16,282,219,337,372,0.7587
346,11.5,3,3,943,184,1101,595,0.9062
346,11.5,5,5,695,148,847,595,0.9159
346,11.5,9,9,69,216,117,346,0.8148
346,11.5,11,11,233,220,284,369,0.7675
346,11.5,12,12,138,215,177,339,0.741
346,11.5,13,13,0,224,37,344,0.7185
346,11.5,7,16,282,218,337,373,0.7459
347,11.5333,3,3,946,183,1102,596,0.9083
347,11.5333,5,5,699,147,852,595,0.9189
347,11.5333,9,9,68,216,116,346,0.83
347,11.5333,11,11,232,220,285,369,0.7245
347,11.5333,12,12,138,214,177,341,0.7571
347,11.5333,13,13,0,225,36,344,0.7098
347,11.5333,7,16,283,217,336,373,0.6696
348,11.5667,3,3,949,181,1104,597,0.907
348,11.5667,5,5,702,145,855,597,0.9253
348,11.5667,9,9,68,216,116,346,0.844
348,11.5667,11,11,232,221,285,369,0.7085
348,11.5667,12,12,137,214,177,342,0.7958
348,11.5667,13,13,0,226,36,345,0.693
348,11.5667,7,16,284,217,336,373,0.6026
349,11.6,3,3,953,179,1106,598,0.9011
349,11.6,5,5,704,143,857,598,0.9109
349,11.6,9,9,68,216,116,345,0.8397
349,11.6,11,11,231,221,285,370,0.7344
349,11.6,12,12,136,213,176,343,0.8101
349,11.6,13,13,0,226,36,345,0.6997
349,11.6,7,16,286,217,336,372,0.607
350,11.6333,3,3,955,177,1106,598,0.8996
350,11.6333,5,5,708,141,861,598,0.9116
350,11.6333,9,9,68,215,116,345,0.8566
350,11.6333,11,11,230,222,286,370,0.7396
350,11.6333,12,12,134,213,175,342,0.8277
350,11.6333,13,13,0,227,35,346,0.6789
350,11.6333,7,16,287,217,338,372,0.6524
351,11.6667,3,3,956,176,1105,598,0.8991
351,11.6667,5,5,708,140,862,599,0.9117
351,11.6667,9,9,69,215,116,344,0.8557
351,11.6667,11,11,230,222,286,370,0.743
351,11.6667,12,12,134,213,175,342,0.829
351,11.6667,13,13,0,227,35,346,0.677
351,11.6667,7,16,287,217,338,372,0.6495
352,11.7,3,3,958,175,1105,598,0.8997
352,11.7,5,5,714,138,865,598,0.9102
352,11.7,9,9,68,216,116,344,0.8437
352,11.7,11,11,230,222,288,367,0.6247
352,11.7,12,12,132,213,175,341,0.8236
352,11.7,13,13,0,227,34,346,0.6637
352,11.7,7,16,287,219,340,373,0.5674
353,11.7333,3,3,961,175,1106,596,0.9025
353,11.7333,5,5,718,137,869,597,0.9116
353,11.7333,9,9,68,216,116,343,0.8449
353,11.7333,11,11,231,222,288,367,0.591
353,11.7333,12,12,132,212,176,341,0.8436
353,11.7333,13,13,0,226,33,346,0.6362
353,11.7333,7,16,287,220,340,373,0.5948
354,11.7667,3,3,965,174,1109,596,0.9016
354,11.7667,5,5,722,136,874,597,0.9123
354,11.7667,9,9,69,217,116,344,0.8471
354,11.7667,11,11,233,222,287,369,0.761
354,11.7667,12,12,132,211,176,341,0.8222
354,11.7667,13,13,0,226,33,346,0.6017
354,11.7667,7,16,287,220,340,373,0.6947
355,11.8,3,3,969,174,1116,596,0.9006
355,11.8,5,5,728,137,879,598,0.9103
355,11.8,9,9,69,218,116,343,0.839
355,11.8,11,11,234,222,287,369,0.7792
355,11.8,12,12,132,211,176,340,0.8098
355,11.8,13,13,0,224,31,348,0.6022
355,11.8,7,16,287,222,341,372,0.702
356,11.8333,3,3,974,175,1131,596,0.8822
356,11.8333,5,5,732,138,886,598,0.8958
356,11.8333,9,9,69,218,116,343,0.8375
356,11.8333,11,11,235,221,287,369,0.7838
356,11.8333,12,12,133,212,175,339,0.8203
356,11.8333,13,13,0,223,30,347,0.6087
356,11.8333,7,16,287,223,340,371,0.7093
357,11.8667,3,3,975,175,1136,596,0.8824
357,11.8667,5,5,733,138,889,598,0.8958
357,11.8667,9,9,69,218,116,343,0.8388
357,11.8667,11,11,235,221,287,369,0.7821
357,11.8667,12,12,133,212,175,339,0.8195
357,11.8667,13,13,0,222,30,347,0.6088
357,11.8667,7,16,287,223,340,371,0.7066
358,11.9,3,3,978,177,1142,597,0.8844
358,11.9,5,5,736,139,897,598,0.8978
358,11.9,9,9,69,218,116,344,0.827
358,11.9,11,11,236,220,289,369,0.7745
358,11.9,12,12,133,212,176,340,0.8112
358,11.9,13,13,0,222,29,345,0.6128
358,11.9,7,16,287,223,340,372,0.6984
359,11.9333,3,3,983,178,1154,599,0.8724
359,11.9333,5,5,738,141,909,598,0.9116
359,11.9333,9,9,69,218,116,344,0.8091
359,11.9333,11,11,237,219,290,369,0.7645
359,11.9333,12,12,133,212,176,341,0.8007
359,11.9333,13,13,0,222,29,344,0.6442
359,11.9333,7,16,287,223,339,371,0.6916
360,11.9667,3,3,989,178,1158,601,0.8909
360,11.9667,5,5,742,142,919,599,0.9129
360,11.9667,9,9,69,218,116,344,0.8184
360,11.9667,11,11,238,219,290,368,0.7597
360,11.9667,12,12,134,212,177,343,0.7839
360,11.9667,13,13,0,222,28,343,0.6578
360,11.9667,7,16,286,221,339,370,0.6405
361,12.0,3,3,993,179,1156,601,0.8833
361,12.0,5,5,747,144,924,600,0.9046
361,12.0,9,9,70,218,117,345,0.8267
361,12.0,11,11,238,219,291,367,0.7424
361,12.0,12,12,135,212,178,343,0.7652
361,12.0,13,13,0,222,28,344,0.6455
361,12.0,7,16,288,220,339,371,0.6062
362,12.0333,3,3,998,181,1155,602,0.8859
362,12.0333,5,5,754,145,925,602,0.9005
362,12.0333,9,9,69,218,117,345,0.83
362,12.0333,11,11,239,220,291,366,0.7026
362,12.0333,12,12,136,213,178,343,0.7389
362,12.0333,13,13,0,223,26,343,0.6379
362,12.0333,7,16,289,219,340,371,0.6229
363,12.0667,3,3,999,181,1154,602,0.8833
363,12.0667,5,5,756,146,924,602,0.8996
363,12.0667,9,9,69,217,117,345,0.8314
363,12.0667,11,11,239,220,291,365,0.7014
363,12.0667,12,12,137,213,178,343,0.7396
363,12.0667,13,13,0,223,26,343,0.6412
363,12.0667,7,16,289,219,340,371,0.6205
364,12.1,3,3,1003,180,1155,603,0.8795
364,12.1,5,5,762,144,925,603,0.9005
364,12.1,9,9,69,217,118,345,0.8449
364,12.1,11,11,240,221,292,367,0.7252
364,12.1,12,12,137,213,178,343,0.7277
364,12.1,13,13,0,223,25,344,0.6242
364,12.1,7,16,289,218,341,369,0.6636
365,12.1333,3,3,1008,181,1156,604,0.8911
365,12.1333,5,5,768,143,927,603,0.9126
365,12.1333,9,9,69,216,118,346,0.8508
365,12.1333,11,11,240,221,292,368,0.7024
365,12.1333,12,12,138,214,179,343,0.7954
365,12.1333,13,13,0,223,24,344,0.643
365,12.1333,7,16,289,218,342,369,0.7058
366,12.1667,3,3,1012,179,1157,605,0.9018
366,12.1667,5,5,777,143,933,603,0.8996
366,12.1667,9,9,69,215,118,345,0.8505
366,12.1667,11,11,240,221,292,368,0.6848
366,12.1667,12,12,139,214,179,344,0.7639
366,12.1667,13,13,0,223,24,343,0.6391
366,12.1667,7,16,290,219,343,371,0.672
366,12.1667,17,19,25,227,57,338,0.6394
367,12.2,3,3,1016,176,1163,607,0.8949
367,12.2,5,5,785,144,941,602,0.8914
367,12.2,9,9,68,214,119,345,0.8332
367,12.2,11,11,240,221,291,368,0.6676
367,12.2,12,12,140,214,180,344,0.6993
367,12.2,13,13,0,222,24,344,0.6318
367,12.2,7,16,288,220,345,374,0.7256
367,12.2,17,19,25,227,58,339,0.6449
368,12.2333,3,3,1022,174,1174,606,0.9017
368,12.2333,5,5,793,141,953,602,0.91
368,12.2333,9,9,68,214,118,345,0.8155
368,12.2333,11,11,240,222,289,369,0.7307
368,12.2333,12,12,140,214,183,345,0.6847
368,12.2333,13,13,0,222,24,344,0.6351
368,12.2333,7,16,288,221,346,375,0.7426
368,12.2333,17,19,25,227,58,339,0.6477
369,12.2667,3,3,1023,173,1177,606,0.9017
369,12.2667,5,5,796,140,957,602,0.9093
369,12.2667,9,9,68,214,118,345,0.8157
369,12.2667,11,11,239,222,288,369,0.7303
369,12.2667,12,12,140,213,184,345,0.6832
369,12.2667,13,13,0,222,24,343,0.6368
369,12.2667,7,16,288,221,346,376,0.7433
369,12.2667,17,19,25,227,58,339,0.6493
370,12.3,3,3,1027,172,1182,606,0.8998
370,12.3,5,5,801,138,967,604,0.9169
370,12.3,9,9,68,214,119,345,0.8138
370,12.3,11,11,239,222,288,369,0.7482
370,12.3,12,12,140,213,185,345,0.6963
370,12.3,13,13,0,224,24,345,0.6089
370,12.3,7,16,289,222,346,375,0.7445
370,12.3,17,19,25,227,58,340,0.6473
371,12.3333,3,3,1032,172,1193,606,0.8897
371,12.3333,5,5,807,138,975,604,0.9038
371,12.3333,9,9,68,214,119,345,0.8191
371,12.3333,11,11,239,222,290,368,0.7718
371,12.3333,12,12,140,213,186,345,0.7133
371,12.3333,13,13,0,224,25,345,0.5917
371,12.3333,7,16,290,222,347,375,0.7598
371,12.3333,17,19,26,228,59,342,0.6523
372,12.3667,3,3,1036,172,1201,606,0.8988
372,12.3667,5,5,812,137,979,604,0.9012
372,12.3667,9,9,68,214,119,345,0.8186
372,12.3667,11,11,239,222,289,368,0.7864
372,12.3667,12,12,141,212,186,344,0.688
372,12.3667,13,13,0,224,26,345,0.5971
372,12.3667,7,16,291,222,349,375,0.7836
372,12.3667,17,19,26,228,59,342,0.6584
373,12.4,3,3,1040,172,1207,607,0.8975
373,12.4,5,5,817,137,982,604,0.9055
373,12.4,9,9,68,215,118,345,0.8254
373,12.4,11,11,238,221,291,368,0.7618
373,12.4,12,12,143,211,187,343,0.6821
373,12.4,13,13,0,223,26,345,0.6162
373,12.4,7,16,292,222,350,375,0.7546
373,12.4,17,19,27,229,59,343,0.6839
374,12.4333,3,3,1044,173,1213,608,0.8984
374,12.4333,5,5,822,138,985,605,0.9079
374,12.4333,9,9,68,215,117,345,0.8056
374,12.4333,11,11,239,221,296,367,0.7892
374,12.4333,12,12,144,211,187,342,0.6366
374,12.4333,13,13,0,222,27,345,0.582
374,12.4333,7,16,294,221,351,376,0.7468
374,12.4333,17,19,27,230,59,343,0.6469
375,12.4667,3,3,1045,173,1214,608,0.8984
375,12.4667,5,5,823,138,986,605,0.9081
375,12.4667,9,9,68,216,117,345,0.8057
375,12.4667,11,11,239,221,297,367,0.788
375,12.4667,12,12,145,210,187,342,0.6265
375,12.4667,13,13,0,222,27,345,0.5812
375,12.4667,7,16,294,221,352,375,0.746
375,12.4667,17,19,27,230,59,343,0.6466
376,12.5,3,3,1051,174,1221,609,0.9125
376,12.5,5,5,827,138,989,606,0.9146
376,12.5,9,9,67,216,117,345,0.7991
376,12.5,11,11,239,221,299,369,0.7853
376,12.5,12,12,146,210,187,343,0.5806
376,12.5,13,13,0,221,27,345,0.5627
376,12.5,7,16,296,220,353,376,0.7398
376,12.5,17,19,28,231,58,343,0.5964
377,12.5333,3,3,1055,176,1226,609,0.9195
377,12.5333,5,5,832,140,993,607,0.9199
377,12.5333,9,9,67,217,116,345,0.7909
377,12.5333,11,11,239,221,301,369,0.7734
377,12.5333,12,12,147,209,187,344,0.595
377,12.5333,13,13,0,221,27,345,0.5723
377,12.5333,7,16,298,218,355,375,0.7137
377,12.5333,17,19,28,232,57,342,0.5896
378,12.5667,3,3,1058,178,1229,611,0.9195
378,12.5667,5,5,837,141,1000,608,0.9145
378,12.5667,9,9,67,216,115,346,0.7874
378,12.5667,11,11,239,221,301,369,0.7922
378,12.5667,12,12,149,208,187,343,0.5891
378,12.5667,13,13,0,220,26,344,0.5906
378,12.5667,7,16,297,217,357,374,0.6959
378,12.5667,17,19,28,232,58,341,0.5849
379,12.6,3,3,1062,179,1231,612,0.9163
379,12.6,5,5,842,142,1005,611,0.9002
379,12.6,9,9,66,216,113,345,0.7372
379,12.6,11,11,240,222,301,369,0.7822
379,12.6,12,12,150,208,187,343,0.6188
379,12.6,13,13,0,219,26,344,0.602
379,12.6,7,16,297,216,359,375,0.7107
379,12.6,17,19,29,232,57,340,0.5889
380,12.6333,3,3,1065,180,1232,612,0.9141
380,12.6333,5,5,846,142,1013,611,0.8902
380,12.6333,9,9,66,215,113,345,0.7144
380,12.6333,11,11,241,222,300,370,0.8163
380,12.6333,12,12,150,208,187,343,0.6327
380,12.6333,13,13,0,218,26,344,0.5923
380,12.6333,7,16,298,216,360,375,0.7319
380,12.6333,17,19,28,231,57,341,0.5642
381,12.6667,3,3,1065,180,1232,612,0.9141
381,12.6667,5,5,847,142,1015,611,0.8905
381,12.6667,9,9,65,214,112,345,0.7142
381,12.6667,11,11,241,222,300,370,0.8149
381,12.6667,12,12,150,208,187,344,0.6312
381,12.6667,13,13,0,218,26,344,0.5883
381,12.6667,7,16,299,216,360,374,0.7344
381,12.6667,17,19,28,231,57,341,0.5603
382,12.7,3,3,1069,180,1235,613,0.9155
382,12.7,5,5,851,141,1019,610,0.8953
382,12.7,9,9,65,214,111,345,0.7086
382,12.7,11,11,243,222,301,370,0.8127
382,12.7,12,12,151,208,188,344,0.6501
382,12.7,13,13,0,218,26,344,0.5865
382,12.7,7,16,300,217,361,373,0.7217
382,12.7,17,19,28,231,57,342,0.5426
383,12.7333,3,3,1072,179,1236,614,0.9159
383,12.7333,5,5,856,139,1022,612,0.9013
383,12.7333,9,9,66,213,111,345,0.706
383,12.7333,11,11,245,222,301,370,0.8156
383,12.7333,12,12,151,208,190,344,0.6522
383,12.7333,13,13,0,218,26,344,0.5874
383,12.7333,7,16,302,218,362,373,0.7585
383,12.7333,17,19,28,229,57,342,0.5455
384,12.7667,3,3,1075,178,1236,615,0.9198
384,12.7667,5,5,859,137,1024,612,0.9059
384,12.7667,9,9,66,213,111,344,0.7372
384,12.7667,11,11,246,222,301,369,0.8284
384,12.7667,12,12,152,208,192,343,0.6632
384,12.7667,13,13,0,219,26,344,0.608
384,12.7667,7,16,302,219,362,375,0.7761
384,12.7667,17,19,28,228,57,342,0.5318
385,12.8,3,3,1078,175,1237,615,0.9161
385,12.8,5,5,861,135,1025,612,0.911
385,12.8,9,9,66,213,111,344,0.7481
385,12.8,11,11,247,221,302,369,0.7905
385,12.8,12,12,153,208,194,344,0.6443
385,12.8,13,13,0,220,26,345,0.5881
385,12.8,7,16,304,220,363,375,0.7665
385,12.8,17,19,29,228,57,341,0.465
386,12.8333,3,3,1080,172,1238,615,0.9055
386,12.8333,5,5,864,133,1026,612,0.9134
386,12.8333,9,9,66,213,110,344,0.7621
386,12.8333,11,11,247,221,304,369,0.7547
386,12.8333,12,12,153,209,195,344,0.6443
386,12.8333,13,13,0,222,26,345,0.5864
386,12.8333,7,16,306,220,363,375,0.7505
386,12.8333,17,19,30,228,56,340,0.4516
387,12.8667,3,3,1080,171,1237,614,0.9055
387,12.8667,5,5,864,133,1026,611,0.9134
387,12.8667,9,9,66,213,110,344,0.7621
387,12.8667,11,11,247,221,305,368,0.7535
387,12.8667,12,12,153,209,195,344,0.6431
387,12.8667,13,13,0,223,25,344,0.5845
387,12.8667,7,16,306,221,361,372,0.7503
387,12.8667,17,19,30,228,56,340,0.4529
388,12.9,3,3,1082,169,1237,614,0.9019
388,12.9,5,5,868,131,1027,611,0.9181
388,12.9,9,9,66,214,110,344,0.7605
388,12.9,11,11,247,221,307,367,0.7704
388,12.9,12,12,153,209,196,344,0.6358
388,12.9,13,13,0,224,25,345,0.5664
388,12.9,7,16,307,221,362,374,0.7271
388,12.9,17,19,30,228,56,340,0.4588
389,12.9333,3,3,1086,169,1238,614,0.9044
389,12.9333,5,5,872,130,1030,611,0.9184
389,12.9333,9,9,66,214,110,345,0.7663
389,12.9333,11,11,248,221,308,370,0.77
389,12.9333,12,12,152,209,196,344,0.622
389,12.9333,13,13,0,227,24,345,0.5281
389,12.9333,7,16,307,221,362,375,0.6933
389,12.9333,17,19,31,229,57,338,0.5128
390,12.9667,3,3,1089,169,1242,613,0.9009
390,12.9667,5,5,877,130,1035,613,0.9137
390,12.9667,9,9,66,214,110,345,0.7633
390,12.9667,11,11,248,221,309,370,0.7563
390,12.9667,12,12,152,209,195,343,0.6105
390,12.9667,13,13,0,230,26,344,0.488
390,12.9667,7,16,306,221,361,375,0.7297
390,12.9667,17,19,31,230,56,338,0.4911
391,13.0,3,3,1094,170,1248,614,0.8989
391,13.0,5,5,882,130,1042,614,0.8976
391,13.0,9,9,66,214,110,345,0.7586
391,13.0,11,11,249,220,309,370,0.7641
391,13.0,12,12,151,209,195,343,0.6093
391,13.0,13,13,0,233,26,344,0.497
391,13.0,7,16,306,221,361,374,0.7822
391,13.0,17,19,31,231,56,339,0.5327
392,13.0333,3,3,1099,172,1261,615,0.8772
392,13.0333,5,5,886,131,1054,615,0.8998
392,13.0333,9,9,66,215,110,344,0.7709
392,13.0333,11,11,250,220,310,369,0.7564
392,13.0333,12,12,150,209,196,342,0.6127
392,13.0333,13,13,0,235,25,345,0.4641
392,13.0333,7,16,307,220,361,373,0.7969
392,13.0333,17,19,31,231,57,339,0.5486
393,13.0667,3,3,1100,173,1265,614,0.8771
393,13.0667,5,5,888,132,1057,615,0.8995
393,13.0667,9,9,67,216,110,344,0.7694
393,13.0667,11,11,251,220,310,368,0.7573
393,13.0667,12,12,150,209,196,342,0.6076
393,13.0667,13,13,0,236,25,345,0.4622
393,13.0667,7,16,307,220,360,372,0.7977
393,13.0667,17,19,31,231,57,338,0.5458
394,13.1,3,3,1105,175,1275,615,0.8727
394,13.1,5,5,891,134,1068,616,0.9091
394,13.1,9,9,66,216,109,344,0.7724
394,13.1,11,11,251,221,312,368,0.7464
394,13.1,12,12,149,208,198,343,0.6203
394,13.1,13,13,0,236,24,344,0.431
394,13.1,7,16,308,220,361,372,0.7594
394,13.1,17,19,30,232,57,338,0.5428
395,13.1333,3,3,1109,176,1279,617,0.8893
395,13.1333,5,5,895,137,1079,617,0.9045
395,13.1333,9,9,66,217,110,345,0.7747
395,13.1333,11,11,252,221,312,369,0.747
395,13.1333,12,12,149,208,199,343,0.6081
395,13.1333,13,13,0,236,23,344,0.4161
395,13.1333,7,16,308,219,363,372,0.7387
395,13.1333,17,19,30,232,57,338,0.5102
396,13.1667,3,3,1114,177,1279,618,0.8953
396,13.1667,5,5,900,138,1087,620,0.8963
396,13.1667,9,9,66,217,110,346,0.7811
396,13.1667,11,11,253,222,311,369,0.7561
396,13.1667,12,12,148,208,200,343,0.5754
396,13.1667,13,13,0,235,22,343,0.3632
396,13.1667,7,16,308,218,365,373,0.7752
396,13.1667,17,19,29,233,56,337,0.5295
397,13.2,3,3,1117,178,1279,619,0.8867
397,13.2,5,5,903,140,1092,622,0.8997
397,13.2,9,9,66,217,110,347,0.7868
397,13.2,11,11,254,222,310,371,0.7154
397,13.2,12,12,147,206,200,344,0.5823
397,13.2,13,13,0,235,20,339,0.3776
397,13.2,7,16,311,219,367,375,0.7514
397,13.2,17,19,27,233,57,338,0.5338
398,13.2333,3,3,1120,178,1279,619,0.8836
398,13.2333,5,5,908,142,1091,623,0.8939
398,13.2333,9,9,67,216,111,347,0.787
398,13.2333,11,11,255,223,310,371,0.7261
398,13.2333,12,12,146,205,199,343,0.6027
398,13.2333,13,13,0,232,19,338,0.3353
398,13.2333,7,16,313,220,369,375,0.7432
398,13.2333,17,19,25,232,57,338,0.5652
399,13.2667,3,3,1120,178,1279,619,0.8836
399,13.2667,5,5,910,142,1090,623,0.8942
399,13.2667,9,9,67,216,111,347,0.788
399,13.2667,11,11,255,223,310,371,0.7275
399,13.2667,12,12,146,205,199,343,0.6009
399,13.2667,13,13,0,231,19,337,0.3333
399,13.2667,7,16,313,221,370,375,0.7418
399,13.2667,17,19,24,232,57,338,0.566
400,13.3,3,3,1123,178,1279,620,0.8945
400,13.3,5,5,915,141,1090,623,0.8992
400,13.3,9,9,67,215,113,346,0.7835
400,13.3,11,11,255,222,312,372,0.7301
400,13.3,12,12,147,204,198,343,0.5634
400,13.3,13,13,0,230,19,337,0.3154
400,13.3,7,16,315,221,371,376,0.7148
400,13.3,17,19,23,231,58,339,0.5717
401,13.3333,3,3,1129,178,1279,623,0.9032
401,13.3333,5,5,926,139,1093,623,0.9083
401,13.3333,9,9,67,214,114,346,0.7775
401,13.3333,11,11,254,222,313,373,0.7708
401,13.3333,12,12,149,204,199,343,0.4978
401,13.3333,13,13,0,229,18,337,0.3271
401,13.3333,7,16,316,222,373,376,0.6636
401,13.3333,17,19,23,231,58,339,0.5765
402,13.3667,3,3,1139,176,1279,625,0.8908
402,13.3667,5,5,935,138,1106,623,0.901
402,13.3667,9,9,66,214,115,346,0.7804
402,13.3667,11,11,255,222,315,373,0.7879
402,13.3667,12,12,151,204,198,343,0.4589
402,13.3667,13,13,0,228,18,339,0.3575
402,13.3667,7,16,318,223,373,376,0.6757
402,13.3667,17,19,24,230,57,339,0.5808
403,13.4,3,3,1147,174,1279,624,0.8833
403,13.4,5,5,944,136,1119,623,0.9172
403,13.4,9,9,67,214,115,346,0.7891
403,13.4,11,11,256,221,316,373,0.7735
403,13.4,12,12,152,205,199,344,0.5217
403,13.4,13,13,0,228,19,340,0.3869
403,13.4,7,16,317,223,373,376,0.6941
403,13.4,17,19,25,230,57,339,0.5629
404,13.4333,3,3,1158,171,1279,624,0.8711
404,13.4333,5,5,952,133,1131,623,0.9141
404,13.4333,9,9,67,213,116,346,0.791
404,13.4333,11,11,257,220,317,373,0.7535
404,13.4333,12,12,152,207,199,345,0.53
404,13.4333,13,13,0,228,20,342,0.4055
404,13.4333,7,16,318,222,377,376,0.7318
404,13.4333,17,19,26,230,57,339,0.5505
405,13.4667,3,3,1161,170,1279,624,0.8709
405,13.4667,5,5,955,133,1133,623,0.9142
405,13.4667,9,9,67,213,116,346,0.7905
405,13.4667,11,11,257,220,317,373,0.7523
405,13.4667,12,12,152,207,199,344,0.5187
405,13.4667,13,13,0,227,20,343,0.4023
405,13.4667,7,16,318,222,378,376,0.7316
405,13.4667,17,19,26,229,57,339,0.5476
406,13.5,3,3,1167,167,1279,626,0.8782
406,13.5,5,5,960,130,1141,624,0.9058
406,13.5,9,9,67,213,117,346,0.7994
406,13.5,11,11,258,219,318,373,0.7804
406,13.5,12,12,151,208,200,344,0.553
406,13.5,13,13,0,227,21,343,0.3885
406,13.5,7,16,320,221,386,377,0.7977
406,13.5,17,19,28,229,57,338,0.5606
407,13.5333,3,3,1174,166,1279,625,0.865
407,13.5333,5,5,967,129,1149,624,0.8949
407,13.5333,9,9,67,213,117,346,0.8234
407,13.5333,11,11,258,219,317,373,0.7946
407,13.5333,12,12,152,209,204,345,0.6495
407,13.5333,13,13,0,228,22,343,0.4294
407,13.5333,7,16,322,220,391,377,0.7925
407,13.5333,17,19,28,229,58,339,0.5853
408,13.5667,3,3,1182,164,1279,624,0.866
408,13.5667,5,5,973,129,1153,623,0.9042
408,13.5667,9,9,67,213,117,346,0.8148
408,13.5667,11,11,260,219,317,373,0.7802
408,13.5667,12,12,152,209,205,345,0.6531
408,13.5667,13,13,0,228,22,342,0.4497
408,13.5667,7,16,323,218,392,377,0.8708
408,13.5667,17,19,29,229,58,339,0.5808
409,13.6,3,3,1188,164,1279,624,0.868
409,13.6,5,5,979,130,1159,624,0.9132
409,13.6,9,9,67,214,118,346,0.8188
409,13.6,11,11,261,218,318,373,0.7825
409,13.6,12,12,152,208,206,345,0.6785
409,13.6,13,13,0,226,23,343,0.4326
409,13.6,7,16,323,216,393,377,0.86
409,13.6,17,19,29,230,58,340,0.5559
410,13.6333,3,3,1193,167,1279,624,0.8619
410,13.6333,5,5,986,131,1163,624,0.9185
410,13.6333,9,9,67,214,118,346,0.8308
410,13.6333,11,11,262,218,318,374,0.7931
410,13.6333,12,12,152,207,207,345,0.6788
410,13.6333,13,13,0,226,23,344,0.4651
410,13.6333,7,16,324,214,394,376,0.8495
410,13.6333,17,19,30,231,58,341,0.5363
411,13.6667,3,3,1194,168,1278,623,0.8621
411,13.6667,5,5,988,132,1163,624,0.9189
411,13.6667,9,9,68,214,118,346,0.8296
411,13.6667,11,11,262,218,318,374,0.7932
411,13.6667,12,12,152,207,207,345,0.6784
411,13.6667,13,13,0,226,23,344,0.465
411,13.6667,7,16,324,214,394,375,0.8502
411,13.6667,17,19,30,231,58,341,0.5375
412,13.7,3,3,1199,171,1279,624,0.8571
412,13.7,5,5,994,133,1168,626,0.912
412,13.7,9,9,67,214,117,346,0.8394
412,13.7,11,11,262,218,318,375,0.81
412,13.7,12,12,154,208,208,346,0.6844
412,13.7,13,13,0,225,24,344,0.534
412,13.7,7,16,324,214,393,375,0.8428
412,13.7,17,19,30,231,58,341,0.5345
413,13.7333,3,3,1205,175,1279,625,0.8496
413,13.7333,5,5,1000,135,1174,627,0.8991
413,13.7333,9,9,67,215,117,346,0.8268
413,13.7333,11,11,260,219,320,375,0.7992
413,13.7333,12,12,155,206,210,345,0.63
413,13.7333,13,13,0,224,25,344,0.5523
413,13.7333,7,16,327,214,392,376,0.8057
413,13.7333,17,19,31,232,58,342,0.5209
414,13.7667,3,3,1211,178,1279,625,0.8599
414,13.7667,5,5,1006,136,1179,628,0.9086
414,13.7667,9,9,67,215,116,345,0.8101
414,13.7667,11,11,262,220,322,375,0.8069
414,13.7667,12,12,156,206,210,345,0.634
414,13.7667,13,13,0,222,25,344,0.5797
414,13.7667,7,16,330,215,392,378,0.7925
414,13.7667,17,19,31,232,58,342,0.5074
415,13.8,3,3,1217,182,1279,625,0.8502
415,13.8,5,5,1012,137,1187,629,0.9209
415,13.8,9,9,68,215,116,344,0.806
415,13.8,11,11,263,219,324,375,0.8285
415,13.8,12,12,158,206,210,346,0.6715
415,13.8,13,13,0,220,26,344,0.5719
415,13.8,7,16,332,215,394,378,0.7649
415,13.8,17,19,31,229,58,342,0.4556
416,13.8333,3,3,1222,181,1279,625,0.8171
416,13.8333,5,5,1017,136,1194,630,0.9136
416,13.8333,9,9,68,215,114,344,0.7851
416,13.8333,11,11,264,219,326,374,0.8382
416,13.8333,12,12,159,206,210,345,0.7205
416,13.8333,13,13,0,219,26,344,0.5791
416,13.8333,7,16,334,217,395,379,0.8232
416,13.8333,17,19,32,228,58,342,0.3794
417,13.8667,3,3,1224,181,1279,625,0.8171
417,13.8667,5,5,1019,135,1196,630,0.9134
417,13.8667,9,9,68,215,114,344,0.7851
417,13.8667,11,11,264,219,327,373,0.8376
417,13.8667,12,12,159,206,210,345,0.7195
417,13.8667,13,13,0,219,26,344,0.5784
417,13.8667,7,16,334,218,395,378,0.8239
417,13.8667,17,19,33,227,58,342,0.3788
418,13.9,3,3,1231,194,1279,625,0.7123
418,13.9,5,5,1025,133,1201,631,0.9118
418,13.9,9,9,68,214,113,344,0.7626
418,13.9,11,11,264,219,328,374,0.8307
418,13.9,12,12,160,206,210,345,0.6596
418,13.9,13,13,0,221,27,344,0.5679
418,13.9,7,16,335,219,396,378,0.8239
418,13.9,17,19,33,227,58,342,0.3189
419,13.9333,3,3,1237,208,1279,550,0.6051
419,13.9333,5,5,1030,132,1202,632,0.9106
419,13.9333,9,9,68,214,112,344,0.7675
419,13.9333,11,11,265,220,329,374,0.8358
419,13.9333,12,12,162,201,212,344,0.6216
419,13.9333,13,13,0,221,28,344,0.564
419,13.9333,7,16,335,219,397,379,0.8046
419,13.9333,17,19,34,227,57,342,0.3015
420,13.9667,3,3,1241,217,1279,513,0.6143
420,13.9667,5,5,1035,129,1205,633,0.9015
420,13.9667,9,9,68,214,112,344,0.7751
420,13.9667,11,11,266,220,330,374,0.822
420,13.9667,12,12,164,197,214,344,0.5687
420,13.9667,13,13,0,221,28,346,0.568
420,13.9667,7,16,336,220,397,379,0.8199
420,13.9667,17,19,35,226,57,343,0.2877
421,14.0,3,3,1248,222,1279,495,0.7177
421,14.0,5,5,1038,128,1207,633,0.8945
421,14.0,9,9,68,214,112,345,0.8185
421,14.0,11,11,269,219,332,374,0.8394
421,14.0,12,12,165,197,215,345,0.6197
421,14.0,13,13,0,222,29,346,0.5858
421,14.0,7,16,337,220,397,380,0.8269
421,14.0,17,19,35,225,57,343,0.2848
422,14.0333,3,3,1254,222,1279,491,0.6506
422,14.0333,5,5,1039,127,1210,633,0.8951
422,14.0333,9,9,68,214,113,344,0.8261
422,14.0333,11,11,271,219,333,374,0.8617
422,14.0333,12,12,167,194,216,344,0.5328
422,14.0333,13,13,0,222,29,345,0.5786
422,14.0333,7,16,339,219,397,379,0.8192
422,14.0333,17,19,35,225,57,343,0.2654
423,14.0667,3,3,1254,222,1279,489,0.6524
423,14.0667,5,5,1039,126,1210,632,0.8954
423,14.0667,9,9,68,214,113,344,0.8267
423,14.0667,11,11,272,219,334,374,0.8621
423,14.0667,12,12,168,193,217,344,0.5362
423,14.0667,13,13,0,222,29,345,0.5788
423,14.0667,7,16,340,219,397,379,0.8207
423,14.0667,17,19,35,224,58,343,0.268
424,14.1,3,3,1258,221,1279,490,0.3355
424,14.1,5,5,1045,124,1214,633,0.8986
424,14.1,9,9,68,214,112,344,0.8328
424,14.1,11,11,274,220,336,374,0.856
424,14.1,12,12,171,199,214,343,0.6124
424,14.1,13,13,0,222,30,344,0.6126
424,14.1,7,16,340,219,398,379,0.813
424,14.1,17,19,35,225,58,343,0.2897
425,14.1333,3,3,1259,221,1279,491,0.1065
425,14.1333,5,5,1048,124,1219,633,0.9036
425,14.1333,9,9,68,214,112,345,0.7962
425,14.1333,11,11,275,220,337,375,0.8383
425,14.1333,12,12,173,201,212,343,0.6651
425,14.1333,13,13,0,223,30,343,0.6142
425,14.1333,7,16,340,219,399,379,0.85
425,14.1333,17,19,36,225,57,342,0.2311
426,14.1667,5,5,1058,123,1227,633,0.9086
426,14.1667,9,9,68,214,112,345,0.7886
426,14.1667,11,11,275,220,338,374,0.8297
426,14.1667,12,12,177,200,214,342,0.4984
426,14.1667,13,13,0,223,31,343,0.6275
426,14.1667,7,16,341,219,400,379,0.8387
426,14.1667,17,19,36,225,57,341,0.1625
427,14.2,5,5,1065,124,1239,634,0.916
427,14.2,9,9,68,214,112,344,0.7784
427,14.2,11,11,276,220,340,373,0.8391
427,14.2,12,12,176,203,216,342,0.6616
427,14.2,13,13,0,224,32,343,0.5883
427,14.2,7,16,343,218,402,381,0.8182
428,14.2333,5,5,1072,126,1256,636,0.9193
428,14.2333,9,9,68,214,112,344,0.7642
428,14.2333,11,11,276,221,341,373,0.8423
428,14.2333,12,12,175,206,218,343,0.7268
428,14.2333,13,13,0,224,33,342,0.5867
428,14.2333,7,16,345,218,403,382,0.7955
428,14.2333,16,20,250,229,282,272,0.6282
429,14.2667,5,5,1074,127,1262,636,0.919
429,14.2667,9,9,68,214,112,344,0.7636
429,14.2667,11,11,276,221,342,373,0.8432
429,14.2667,12,12,175,207,219,343,0.7276
429,14.2667,13,13,0,224,34,342,0.5868
429,14.2667,7,16,345,217,404,382,0.7983
429,14.2667,16,20,250,229,282,272,0.636
430,14.3,5,5,1080,128,1275,637,0.9101
430,14.3,9,9,68,215,112,344,0.7927
430,14.3,11,11,276,221,343,373,0.8451
430,14.3,12,12,175,208,219,343,0.65
430,14.3,13,13,0,224,33,341,0.5884
430,14.3,7,16,347,217,406,382,0.7838
430,14.3,16,20,249,228,282,272,0.664
431,14.3333,5,5,1082,129,1279,638,0.9218
431,14.3333,9,9,69,217,113,345,0.8007
431,14.3333,11,11,276,220,342,373,0.8423
431,14.3333,12,12,175,209,218,343,0.632
431,14.3333,13,13,0,224,32,340,0.576
431,14.3333,7,16,348,218,407,382,0.813
431,14.3333,16,20,249,228,282,273,0.6683
432,14.3667,5,5,1084,131,1279,638,0.9205
432,14.3667,9,9,69,217,114,346,0.8108
432,14.3667,11,11,276,220,342,374,0.841
432,14.3667,12,12,177,209,221,344,0.6815
432,14.3667,13,13,0,224,30,340,0.5893
432,14.3667,7,16,348,218,408,383,0.797
432,14.3667,16,20,248,228,282,273,0.6217
433,14.4,5,5,1089,133,1279,640,0.9259
433,14.4,9,9,69,217,115,346,0.8046
433,14.4,11,11,275,220,341,374,0.8308
433,14.4,12,12,178,209,222,344,0.6852
433,14.4,13,13,0,224,29,340,0.6179
433,14.4,7,16,349,220,412,384,0.7885
433,14.4,16,20,248,228,281,273,0.5987
434,14.4333,5,5,1095,133,1279,642,0.9282
434,14.4333,9,9,69,216,117,346,0.8126
434,14.4333,11,11,275,219,342,374,0.8455
434,14.4333,12,12,178,208,224,344,0.7414
434,14.4333,13,13,0,224,28,339,0.6096
434,14.4333,7,16,351,222,413,385,0.7926
434,14.4333,16,20,248,228,280,273,0.5869
435,14.4667,5,5,1098,133,1279,643,0.9282
435,14.4667,9,9,69,216,117,346,0.813
435,14.4667,11,11,275,219,342,374,0.8459
435,14.4667,12,12,177,208,225,344,0.7432
435,14.4667,13,13,0,224,28,338,0.6107
435,14.4667,7,16,351,222,413,385,0.7854
435,14.4667,16,20,248,229,279,273,0.5922
436,14.5,5,5,1105,131,1279,642,0.9338
436,14.5,9,9,69,215,118,346,0.8213
436,14.5,11,11,275,218,343,373,0.8458
436,14.5,12,12,178,209,227,344,0.7714
436,14.5,13,13,0,224,28,338,0.6408
436,14.5,7,16,353,221,414,384,0.8184
436,14.5,16,20,248,229,279,272,0.6576
437,14.5333,5,5,1114,130,1279,643,0.9269
437,14.5333,9,9,69,214,119,346,0.8217
437,14.5333,11,11,275,218,344,373,0.841
437,14.5333,12,12,179,209,228,344,0.7307
437,14.5333,13,13,0,224,28,339,0.6658
437,14.5333,7,16,355,221,415,384,0.8284
437,14.5333,16,20,248,230,278,272,0.6069
438,14.5667,5,5,1125,129,1279,643,0.9135
438,14.5667,9,9,69,213,120,346,0.8179
438,14.5667,11,11,275,219,346,374,0.8438
438,14.5667,12,12,180,209,228,343,0.7213
438,14.5667,13,13,0,223,28,339,0.6602
438,14.5667,7,16,356,219,416,384,0.8155
438,14.5667,16,20,248,230,278,272,0.5826
439,14.6,5,5,1138,127,1279,643,0.9291
439,14.6,9,9,69,212,121,347,0.8124
439,14.6,11,11,275,219,346,374,0.8297
439,14.6,12,12,181,208,229,342,0.7166
439,14.6,13,13,0,224,28,339,0.6486
439,14.6,7,16,358,217,419,384,0.8136
439,14.6,16,20,248,230,277,272,0.5202
440,14.6333,5,5,1148,124,1279,642,0.9238
440,14.6333,9,9,68,212,122,347,0.7966
440,14.6333,11,11,275,219,345,375,0.8208
440,14.6333,12,12,182,207,231,343,0.6989
440,14.6333,13,13,0,224,29,340,0.6424
440,14.6333,7,16,360,216,424,384,0.8116
440,14.6333,16,20,248,231,277,272,0.5329
441,14.6667,5,5,1150,123,1279,641,0.9234
441,14.6667,9,9,68,212,122,347,0.7959
441,14.6667,11,11,276,219,345,375,0.8201
441,14.6667,12,12,183,207,231,343,0.6974
441,14.6667,13,13,0,224,29,341,0.6378
441,14.6667,7,16,361,215,425,385,0.812
441,14.6667,16,20,248,231,278,272,0.5323
442,14.7,5,5,1153,122,1279,643,0.9167
442,14.7,9,9,68,212,123,346,0.7974
442,14.7,11,11,276,219,344,375,0.8223
442,14.7,12,12,183,206,231,343,0.6918
442,14.7,13,13,0,225,30,341,0.6221
442,14.7,7,16,363,214,429,384,0.8173
442,14.7,16,20,248,230,277,272,0.5532
443,14.7333,5,5,1156,121,1279,644,0.9201
443,14.7333,9,9,69,212,124,346,0.8014
443,14.7333,11,11,277,220,344,375,0.8058
443,14.7333,12,12,183,206,232,341,0.6948
443,14.7333,13,13,0,225,30,342,0.6111
443,14.7333,7,16,364,214,433,385,0.8304
443,14.7333,16,20,248,230,277,272,0.5116
444,14.7667,5,5,1155,120,1279,644,0.9192
444,14.7667,9,9,70,213,126,346,0.7951
444,14.7667,11,11,281,220,344,375,0.7988
444,14.7667,12,12,184,206,234,341,0.7437
444,14.7667,13,13,0,225,32,346,0.5956
444,14.7667,7,16,365,214,436,384,0.8463
444,14.7667,16,20,248,230,277,272,0.4493
445,14.8,5,5,1155,121,1279,645,0.9076
445,14.8,9,9,71,213,127,345,0.7698
445,14.8,11,11,284,220,343,375,0.793
445,14.8,12,12,184,206,235,340,0.7459
445,14.8,13,13,0,225,33,348,0.5836
445,14.8,7,16,366,215,438,384,0.8462
445,14.8,16,20,248,229,276,272,0.3671
446,14.8333,5,5,1157,121,1279,645,0.9015
446,14.8333,9,9,72,213,128,345,0.7816
446,14.8333,11,11,286,219,344,375,0.799
446,14.8333,12,12,186,207,236,341,0.7799
446,14.8333,13,13,0,225,35,347,0.5915
446,14.8333,7,16,366,217,439,385,0.8522
446,14.8333,16,20,248,227,275,272,0.3856
447,14.8667,5,5,1157,122,1279,645,0.9016
447,14.8667,9,9,72,213,128,344,0.7818
447,14.8667,11,11,287,218,345,375,0.7995
447,14.8667,12,12,186,207,237,341,0.78
447,14.8667,13,13,0,225,35,346,0.5893
447,14.8667,7,16,367,217,440,385,0.8522
447,14.8667,16,20,248,227,275,272,0.385
448,14.9,5,5,1158,124,1279,645,0.8956
448,14.9,9,9,73,214,128,344,0.7612
448,14.9,11,11,288,217,346,375,0.8016
448,14.9,12,12,187,207,238,342,0.7832
448,14.9,13,13,0,226,36,346,0.6106
448,14.9,7,16,367,218,439,385,0.8474
448,14.9,16,20,247,227,275,273,0.3871
449,14.9333,5,5,1161,125,1279,645,0.8907
449,14.9333,9,9,74,214,129,345,0.7658
449,14.9333,11,11,290,217,348,376,0.8106
449,14.9333,12,12,187,207,239,342,0.8187
449,14.9333,13,13,0,227,38,346,0.6672
449,14.9333,7,16,368,219,439,384,0.8412
449,14.9333,16,20,246,226,275,272,0.483
450,14.9667,5,5,1167,126,1279,646,0.8809
450,14.9667,9,9,75,215,129,348,0.7703
450,14.9667,11,11,291,217,350,376,0.8194
450,14.9667,12,12,188,207,242,342,0.801
450,14.9667,13,13,0,227,40,346,0.6848
450,14.9667,7,16,367,220,439,385,0.8374
450,14.9667,16,20,245,226,275,272,0.5645
451,15.0,5,5,1173,129,1279,646,0.8769
451,15.0,9,9,76,216,128,348,0.7711
451,15.0,11,11,292,218,351,376,0.8362
451,15.0,12,12,190,208,245,343,0.8048
451,15.0,13,13,0,227,42,346,0.6821
451,15.0,7,16,370,220,439,385,0.8289
451,15.0,16,20,244,227,275,272,0.5384
452,15.0333,5,5,1181,132,1279,645,0.8652
452,15.0333,9,9,76,216,127,348,0.7644
452,15.0333,11,11,294,218,352,376,0.8505
452,15.0333,12,12,191,209,246,343,0.7921
452,15.0333,13,13,0,226,46,346,0.6842
452,15.0333,7,16,373,220,439,384,0.8184
452,15.0333,16,20,244,227,275,272,0.4857
453,15.0667,5,5,1184,134,1279,645,0.8651
453,15.0667,9,9,76,216,127,348,0.7637
453,15.0667,11,11,294,218,353,376,0.8511
453,15.0667,12,12,192,210,246,343,0.7927
453,15.0667,13,13,0,227,46,346,0.6737
453,15.0667,7,16,373,220,439,384,0.8242
453,15.0667,16,20,244,227,275,271,0.489
454,15.1,5,5,1191,131,1279,645,0.8166
454,15.1,9,9,76,216,127,349,0.7537
454,15.1,11,11,295,218,354,376,0.8563
454,15.1,12,12,193,211,247,343,0.7813
454,15.1,13,13,0,225,45,347,0.6845
454,15.1,7,16,374,219,439,385,0.8102
454,15.1,16,20,244,228,274,272,0.4481
455,15.1333,5,5,1201,158,1279,634,0.7322
455,15.1333,9,9,77,215,128,349,0.742
455,15.1333,11,11,295,218,356,377,0.8436
455,15.1333,12,12,195,210,247,343,0.8007
455,15.1333,13,13,0,225,45,347,0.695
455,15.1333,7,16,374,219,439,383,0.8131
455,15.1333,16,20,244,228,273,273,0.3635
456,15.1667,5,5,1210,186,1279,582,0.6789
456,15.1667,9,9,77,214,129,348,0.7594
456,15.1667,11,11,296,218,357,377,0.8408
456,15.1667,12,12,197,209,246,343,0.7903
456,15.1667,13,13,0,224,45,347,0.6664
456,15.1667,7,16,374,219,438,382,0.8051
456,15.1667,16,20,243,229,271,273,0.2499
457,15.2,5,5,1221,195,1279,535,0.6265
457,15.2,9,9,77,213,128,347,0.7639
457,15.2,11,11,295,219,357,377,0.8551
457,15.2,12,12,199,208,247,343,0.7425
457,15.2,13,13,0,222,43,346,0.7077
457,15.2,7,16,374,217,438,382,0.8145
457,15.2,16,20,243,229,270,273,0.1587
458,15.2333,5,5,1232,202,1279,508,0.6028
458,15.2333,9,9,78,213,129,347,0.8071
458,15.2333,11,11,295,220,357,377,0.8556
458,15.2333,12,12,200,207,250,342,0.718
458,15.2333,13,13,0,221,43,346,0.7171
458,15.2333,7,16,374,216,437,383,0.8328
459,15.2667,5,5,1235,203,1279,500,0.6026
459,15.2667,9,9,78,213,129,347,0.8075
459,15.2667,11,11,295,220,357,376,0.8553
459,15.2667,12,12,201,207,252,342,0.7175
459,15.2667,13,13,0,221,43,346,0.7172
459,15.2667,7,16,374,216,437,384,0.8326
460,15.3,5,5,1242,201,1279,495,0.3268
460,15.3,9,9,79,212,130,347,0.8253
460,15.3,11,11,295,221,357,376,0.8541
460,15.3,12,12,201,207,253,342,0.69
460,15.3,13,13,0,221,45,345,0.7077
460,15.3,7,16,374,216,438,384,0.8288
461,15.3333,5,5,1251,206,1279,493,0.2409
461,15.3333,9,9,80,211,132,347,0.829
461,15.3333,11,11,295,220,358,376,0.8569
461,15.3333,12,12,202,207,255,341,0.6667
461,15.3333,13,13,0,221,45,345,0.7148
461,15.3333,7,16,375,218,438,385,0.8356
462,15.3667,9,9,80,212,133,347,0.8194
462,15.3667,11,11,295,219,359,377,0.8515
462,15.3667,12,12,204,207,257,341,0.6243
462,15.3667,13,13,0,221,45,346,0.7224
462,15.3667,7,16,376,219,439,385,0.8438
463,15.4,9,9,81,214,133,347,0.8163
463,15.4,11,11,296,217,360,376,0.8355
463,15.4,12,12,209,207,262,341,0.5483
463,15.4,13,13,0,222,46,345,0.7202
463,15.4,7,16,377,220,441,386,0.8484
464,15.4333,9,9,82,216,134,348,0.812
464,15.4333,11,11,297,216,361,377,0.8387
464,15.4333,12,12,212,206,264,342,0.6449
464,15.4333,13,13,0,222,46,345,0.7273
464,15.4333,7,16,378,221,442,386,0.8533
465,15.4667,9,9,83,217,134,348,0.8112
465,15.4667,11,11,297,215,361,377,0.8391
465,15.4667,12,12,214,206,265,342,0.6452
465,15.4667,13,13,0,223,46,345,0.7263
465,15.4667,7,16,379,221,442,387,0.8531
466,15.5,9,9,84,217,135,349,0.8271
466,15.5,11,11,297,215,362,376,0.836
466,15.5,12,12,216,206,267,342,0.6422
466,15.5,13,13,0,223,46,346,0.7398
466,15.5,7,16,380,222,443,387,0.8569
467,15.5333,9,9,86,217,136,350,0.8338
467,15.5333,11,11,297,214,364,376,0.839
467,15.5333,12,12,218,207,266,342,0.6425
467,15.5333,13,13,0,224,46,346,0.7308
467,15.5333,7,16,380,222,444,387,0.8527
468,15.5667,9,9,87,216,137,349,0.8213
468,15.5667,11,11,297,214,366,375,0.8218
468,15.5667,12,12,218,206,266,341,0.6831
468,15.5667,13,13,0,225,46,345,0.7233
468,15.5667,7,16,382,222,446,386,0.8495
469,15.6,9,9,91,214,142,346,0.8063
469,15.6,11,11,303,211,369,374,0.8107
469,15.6,12,12,220,205,270,339,0.7376
469,15.6,13,13,3,224,50,342,0.7407
469,15.6,7,16,387,220,451,383,0.8655
470,15.6333,9,9,97,214,147,346,0.7864
470,15.6333,11,11,306,213,372,375,0.8379
470,15.6333,12,12,224,207,271,342,0.7027
470,15.6333,13,13,5,225,54,343,0.7429
470,15.6333,7,16,390,219,454,384,0.8466
